Nombre,T√≠tulo,Fecha,Rating,Reviews,Tipo
Prudencia,Muy especial experiencia !,Fecha de la visita: noviembre de 2020,40,"Esta especial experiencia gastron√≥mica a sido una sorpresa, tanto por la dedicaci√≥n en la creaci√≥n de sus deliciosos platos como por la filosof√≠a de armon√≠a con la naturaleza y el entorno que aplican sus due√±os !","Contempor√°nea, Saludable"
Prudencia,S√∫per restaurante en un √°rea que hay que visitar,Fecha de la visita: junio de 2019,50,"Me encant√≥ ir a comer a este restaurante, me gust√≥ mucho por dentro, y la comida de 10, es un √°rea que hay que visitar en Bogot√°","Contempor√°nea, Saludable"
Prudencia,Espectacular! La comida es,Fecha de la visita: febrero de 2020,50,"Espectacular! La comida es muy rica, muy bien presentada. Son sabores aut√©nticos colombianos muy bien presentados. El servicio es muy bueno.","Contempor√°nea, Saludable"
Prudencia,El mejor,Fecha de la visita: febrero de 2020,50,"Excelente carta, sabores equilibrados, ingredientes diferentes. Atenci√≥n si igual. Sin dudarlo el mejor","Contempor√°nea, Saludable"
Prudencia,Me encanto!,Fecha de la visita: noviembre de 2019,50,Me hab√≠an recomendado ir a este lugar. Definitivamente es un lugar para visitar cuando vayan al centro hist√≥rico de la ciudad. El servicio y el lugar son muy especiales y la comida campesina que hacen lo es aun mas.,"Contempor√°nea, Saludable"
Prudencia,Un lugar unico,Fecha de la visita: noviembre de 2019,50,"Para los amantes a la buena comida, la tranquilidad, al buen gusto en decoraci√≥n, este es el lugar indicado. Productos locales frescos, servicio atento en espa√±ol e ingl√©s. Los precios no son baratos pero se ajustan a la calidad del servicio prestado.","Contempor√°nea, Saludable"
Prudencia,Maravilloso lugar.,Fecha de la visita: noviembre de 2019,50,"Es un lugar hermoso. Han restaurado una casa y es una gran labor. Me encanta el concepto de un menu cerrado, pues es muy sencillo y se nota que todo lo hacen con mucho amor. Felicitaciones al equipo.","Contempor√°nea, Saludable"
Prudencia,Me encanta este sitio.,Fecha de la visita: octubre de 2019,50,"Ademas de estar ubicados justo en el centro del barrio La Candelaria, tienen un facil acceso desde el resto de la ciudad. El lugar es bellisimo y tienen una comida sencilla pero excelentemente tratada y ejecutada. Me encanto todas las opciones vegetaranas que probe.","Contempor√°nea, Saludable"
Prudencia,Gran sorpresa !,Fecha de la visita: octubre de 2019,50,Fuimos felices de haber encontrado este lugar. Es una casa republicana restaurada con una gran calidad. Pero es que el restaurante es muy sencillo pero increiblemente delicioso. La atencion tambioen es muy discreta y amable. La comida es de campo pero de varias culturas.,"Contempor√°nea, Saludable"
Prudencia,Joya en el centro,Fecha de la visita: octubre de 2019,50,Espectacular restaurante en el centro de Bogot√°. El men√∫ cambia todas las semanas y cocinan con fuego de le√±a. El men√∫ de 4 pasos cuesta 22 usd. La atenci√≥n es excelente.,"Contempor√°nea, Saludable"
Prudencia,Bello lugar.,Fecha de la visita: septiembre de 2019,50,"Tienen un espacio hermoso que parece no tener cubierta, pues es en cristal. Una comida excelente que si bien su menu es reducido y prestablecido, es sin lugar a dudas una sorpresa a descrubir. Y gran cocteles tambien.","Contempor√°nea, Saludable"
Prudencia,Magnifico!,Fecha de la visita: octubre de 2019,50,"Es una esplendida casa historica de su barrio, y en la cual supieron desarrollar un buen proyecto. La carta es basada en comida de campo que la hacen con fuego en vivo. Gran equipo laboral, pues se nota que lo hacen con agrado. Chapeau!","Contempor√°nea, Saludable"
Prudencia,EXCELENTE FUSION,Fecha de la visita: septiembre de 2019,50,"La verdad que es muy grato encontrar en pleno centro de la ciudad, un restaurante con la calidad no s√≥lo de la comida, sino de la atenci√≥n de sus propietarios y en general, todo el personal que lo atiende.","Contempor√°nea, Saludable"
Prudencia,Excelente,Fecha de la visita: febrero de 2019,50,"Prudencia es un restaurante en la candelaria ubicado en una hermosa casa que tiene una carta deliciosa, hay dos opciones de men√∫, una vegetariana, todas son increibles","Contempor√°nea, Saludable"
Prudencia,Lindo lugar.,Fecha de la visita: octubre de 2019,50,Tienen un men√∫ muy sencillo pero todo esta hecho en casa y es un lugar donde se nota que trabajan con pasi√≥n. Es un gran equipo! Comida campesina insuperable y recomiendo reservar.,"Contempor√°nea, Saludable"
Prudencia,Un sitio muy especial,Fecha de la visita: septiembre de 2019,50,Fue una experiencia espectacular. Desde la comida hasta la atenci√≥n y el sitio. Vale la pena ir a comer sus platos que son variados pues constantemente cambian la carta. Es un sitio muy especial que vale la pena conocer.,"Contempor√°nea, Saludable"
Prudencia,Compartir en familia es un placer,Fecha de la visita: septiembre de 2019,50,"El sitio tiene una propuesta de valor centrada en una carta bien elaborada, con productos diferenciados, que hacen de la experiencia un momento diferente. El ambiente es agradable para compartir o celebrar con amigos o familia","Contempor√°nea, Saludable"
Prudencia,Excelente,Fecha de la visita: septiembre de 2019,50,Excelente restaurante situado en la zona tur√≠stica de Bogot√° Las carnes son muy buenas y el pan con la mantequilla es delicioso. Lo que no nos gusto fue el postre.,"Contempor√°nea, Saludable"
Prudencia,Un restaurante diferente,Fecha de la visita: octubre de 2018,40,"Los comensales ortodoxos deben pensar en otra opci√≥n. Es una exploraci√≥n de sabores y combinaciones, para gente de mente abierta. La carne est√° muy bien preparada y los acompa√±amientos son creaciones de la casa.El pan es √∫nico, con identidad y sabor.","Contempor√°nea, Saludable"
Prudencia,Sorprendente,Fecha de la visita: septiembre de 2019,50,"Todos los platos y las bebidas fueron deliciosos, hay que hacer reserva pero vale la pena. Para tardear el sabado est√° genial!","Contempor√°nea, Saludable"
Prudencia,Muy buena opci√≥n,Fecha de la visita: septiembre de 2019,50,"Excelente comida, muy diferente, bien preparada, buen ambiente y servicio. Lo recomiendo . Es una combinaci√≥n de platos t√≠picos con preparaciones muy diferentes","Contempor√°nea, Saludable"
Prudencia,Muy buena alternativa,Fecha de la visita: junio de 2019,50,Restaurant muy recomendado. Platos con buena presentacion. Hay que hacer reserva para no tener que esperar para sentarse. La atencion es agradable.,"Contempor√°nea, Saludable"
Prudencia,Perfecta opci√≥n,Fecha de la visita: julio de 2019,50,"Distinto, buena atenci√≥n e innovaci√≥n gastron√≥mica en la Candelaria, ambiente perfecto para disfrutar con los amigos","Contempor√°nea, Saludable"
Prudencia,Lindo lugar.,Fecha de la visita: septiembre de 2019,50,"Que buena sorpresa! Nos encanto todo, la comida, muy buen ritmo del proceso del menu, la casa es divina y la atencion fue superb! Muy bien!","Contempor√°nea, Saludable"
Prudencia,Lo mejor de Bogot√°,Fecha de la visita: agosto de 2019,50,"Un lugar bonito, agradable, muy bien atendido, amables en su trato, la comida es insuperable. Realmente nos encant√≥. Pueden estar en Bogot√° sin conocer este lugar.","Contempor√°nea, Saludable"
Prudencia,Grata sorpresa,Fecha de la visita: agosto de 2019,50,Excelente comida y muy buena atenci√≥n. El ambiente es descomplicado y agradable. La propuesta de alternar el men√∫ es muy buena.,"Contempor√°nea, Saludable"
Prudencia,Buen comida,Fecha de la visita: agosto de 2019,40,Muy buen servicio y comida deliciosa recomendado para pasar u. Rato agradable con amigos y la familia,"Contempor√°nea, Saludable"
Prudencia,Muy buena opci√≥n.,Fecha de la visita: julio de 2019,40,"Me gusto, cerca a la plaza Bolivar, el pan es fuera de serie y la comida muy buena, atenci√≥n calidad y esmerada, tal vez podrian aumentar un poco las porciuones de los platos principales.","Contempor√°nea, Saludable"
Prudencia,Diferente y delicioso,Fecha de la visita: mayo de 2019,50,"Es un retaurante que tiene un corto menu que cambia cada mes. Es comida de autor, con sabores y mezclas direntes. El cerdo al horno es muy bueno.","Contempor√°nea, Saludable"
Prudencia,No estuvo mal,Fecha de la visita: julio de 2019,30,"No hay carta, es un men√∫ cerrado del que solo puedes escoger un plato. No nos gust√≥ todo lo que ofrec√≠an.","Contempor√°nea, Saludable"
Prudencia,Diferente y una rica opcion,Fecha de la visita: julio de 2019,50,Me encanto el dise√±o y la arquitectura!!! Abierto!! Simple pero hermoso!! La comida. Buena y buena relaci√≥n calidad/precio!!! El la candelaria una s√∫per opci√≥n!!!,"Contempor√°nea, Saludable"
Prudencia,Espectacular!,Fecha de la visita: julio de 2019,50,Divino el restaurante! Divina la comida. Nos encanto de principio a fin. La soda de la casa es lo m√°ximo! lo amamos de verdad.,"Contempor√°nea, Saludable"
Prudencia,Un sitio agradable con comida especial,Fecha de la visita: mayo de 2019,50,"Es una experiencia diferente. Un men√∫ que va cambiando, y que ofrece varias opciones. La atenci√≥n es muy buena.","Contempor√°nea, Saludable"
Prudencia,muy bueno!!,Fecha de la visita: junio de 2019,50,"a la candelaria le faltaba un restaurante de este nivel, la comida muy buena, productos muy cuidados, bien combinados. de mis preferidos . elprecio para mi esta mas que bien, los vinos no son caros.","Contempor√°nea, Saludable"
Prudencia,Si y No,Fecha de la visita: junio de 2019,30,El restaurante es acogedor los meseros se esmeran la comida es rica pero todo los sirven en porciones muy peque√±as dir√≠a muy peque√±as,"Contempor√°nea, Saludable"
Prudencia,Magn√≠fica.,Fecha de la visita: junio de 2019,50,Es una lindisima casa y con un equipo maravilloso y una comida igual de grata. Su men√∫ es peque√±o porque cambia constantemente. Gran sorpresa.,"Contempor√°nea, Saludable"
Prudencia,Optima experiencia!,Fecha de la visita: junio de 2019,50,"Es un lugar de un limitado menu, pero de increible calidad. Hemos ido dos veces en una semana, de hecho el menu cambia todos los lunes. Y cada vez fue igual de encantador. El servicio y la ejecucion culinaria son sencillamente maravillosos.","Contempor√°nea, Saludable"
Prudencia,Sencillo pero muy bueno.,Fecha de la visita: abril de 2019,50,Felicitaciones a todo el equipo. Se nota que hacen un buen grupo y trabajan con el corazon. La comida es decliciosa y el lugar increibile. Volveriamos si vivieramos aca.,"Contempor√°nea, Saludable"
Prudencia,Buen servicio y buena comida,Fecha de la visita: mayo de 2019,40,Es un espacio muy agradable con un servicio muy bueno. Hacen como una especie de men√∫ donde escoges un plato i lo acompa√±as con una ensalada y los postres. Nos ha gustado.,"Contempor√°nea, Saludable"
Prudencia,Muy buen lugar!,Fecha de la visita: mayo de 2019,50,"Es una magnifica opcion, especialmente si estas en el centro de la ciudad. Pues aparte de que esta ubicado afuera de la zona ruidosa, tienen un servicio y comida muiy buenos y un precio ideal..","Contempor√°nea, Saludable"
Prudencia,comida normal posters pesimos,Fecha de la visita: mayo de 2019,30,la comida en general fuel Buena lo unico Malone fusion los postres que no tenian Nada de Sabor Los precious pues son costosos para la porcion pero de Buena calidad,"Contempor√°nea, Saludable"
Prudencia,Maravilloso lugar.,Fecha de la visita: marzo de 2019,50,"Es una muy buena experiencia. La comida es de alta calidad, el servicio es muy amable y aunque no es formal, lo es sin pretencion. La casa es divina y queda en el centro historico de la ciudad. Tengan en cuenta hacer reserva!!","Contempor√°nea, Saludable"
Prudencia,Incre√≠ble!,Fecha de la visita: abril de 2019,50,"Un restaurante incre√≠ble, bastante bonito y con una carta simple pero contundente, la carne ten√≠a una maduraci√≥n perfecta, s√∫per recomendado!","Contempor√°nea, Saludable"
Prudencia,SALI CON HAMBRE,Fecha de la visita: marzo de 2019,40,"Esta rico, pero quedamos con hambre despues de los 4 pasos del men√∫; el primer y tercer paso muy peque√±os, y a mi gusto sin mayor gracia, por otro lado el segundo paso (el fondo) estaba muy rico y buen de tama√±o.","Contempor√°nea, Saludable"
Prudencia,EXQUISITO,Fecha de la visita: marzo de 2019,50,"una opci√≥n deliciosa, excelente relaci√≥n calidad precio. La posibilidad de un men√∫ con varios platos fuertes es muy buena","Contempor√°nea, Saludable"
Prudencia,Opciones veganas,Fecha de la visita: septiembre de 2018,50,Nos encanto! tiene una gran cantidad de opciones veganas y la combinaci√≥n de platillos de la regi√≥n es impresionante definitivamente regresaremos. PD. amamos el jard√≠n,"Contempor√°nea, Saludable"
Prudencia,Increible,Fecha de la visita: febrero de 2019,50,"Increible, la comida exquisita y la atencion fabulosa. Un poco caro, cuenten que el menu pp vale aprox. 70 cop. Vale la pena","Contempor√°nea, Saludable"
Prudencia,Cada visita es una experiencia gastron√≥mica y de servicio.,Fecha de la visita: diciembre de 2018,50,"Est√°n haciendo muy buena gesti√≥n con el manejo de ingredientes, t√©cnicas y sabores. Cuando vas te sientes como en casa con una muy buena atenci√≥n y ambiente. Realmente es la mejor opci√≥n de cocina en Bogot√°.","Contempor√°nea, Saludable"
Prudencia,Almuerzo,Fecha de la visita: enero de 2019,50,"S√°bado 26 de enero.Que buen ambiente y buena adecuaci√≥n de la vieja casa. La marquesina un lujo. Gran atenci√≥n durante la llamada de reserva y ya en el lugar. Yo com√≠ un plato de cordero, a lo campesino, muy rico. Para regresar y regresar.","Contempor√°nea, Saludable"
Prudencia,Lindo lugar y deliciosa comida,Fecha de la visita: febrero de 2019,50,"La comida es muy rica, en cada plato se nota la dedicaci√≥n y la variedad de t√©cnicas en la preparaci√≥n, el lugar es muy bello y la atenci√≥n inmejorable. Muy recomendado","Contempor√°nea, Saludable"
Prudencia,Oferta creativa original y de calidad,Fecha de la visita: febrero de 2019,50,"El pan casero! Pruebenlo qu√© cosa m√°s rica con la mantequilla igualmente casera. Los platos en general son de calidad, originales, creativos y de buen sabor. Recomendado por qui√©n quiere viajar con sabores diferentes y de mente abierta!","Contempor√°nea, Saludable"
Prudencia,Ideal lugar en el centro.,Fecha de la visita: enero de 2019,50,"Tienen una carta muy limitada, pero esto hace que puedan crear maravillosos platos. Es comida de campo, muy buen concepto y el lugar es fantastico, y hasta tienen un patio para esperar si no tienes reserva.","Contempor√°nea, Saludable"
Prudencia,Comida buena,Fecha de la visita: junio de 2018,40,"Me gust√≥ la comida y la atenci√≥n tambi√©n. Fue una buena experiencia, la ensalada me encant√≥ y las salsas son lo m√°ximo.","Contempor√°nea, Saludable"
Prudencia,Comida deliciosa en un ambiente incre√≠ble,Fecha de la visita: diciembre de 2018,50,"El concepto de Prudencia es muy interesante! Cada vez que voy me sorprenden con men√∫s que no me esperaba, con preparaciones al horno de le√±a inesperados para cualquier paladar. Es una experiencia deliciosa en un ambiente muy especial! Muy recomendado!!!","Contempor√°nea, Saludable"
Prudencia,Un tesoro en la mitad del centro de Bogot√°,Fecha de la visita: diciembre de 2018,50,"La comida es deliciosa. Solo hay que dejarse sorprender por el men√∫ siempre cambiante de Prudencia. El men√∫ consta de entrada, plato fuerte, ensalada y postre. Lo √∫nico que hay que adicionar es la bebida. Felicitaciones por tan maravilloso lugar!","Contempor√°nea, Saludable"
Prudencia,Muy grata sorpresa,Fecha de la visita: diciembre de 2018,50,"Un gran restaurante en el centro historico. La comida es decliciosa y es preparada en lhorno de lena. Felicitaciones, muiy buen trabajo de todo el equipo.","Contempor√°nea, Saludable"
Prudencia,Buena opci√≥n,Fecha de la visita: noviembre de 2018,40,"Sabores exquisitos, presentaci√≥n impecable, esmerada atenci√≥n, ambiente √∫nico. Es un restaurante que se tiene que visitar al menos una vez en la vida. Qued√© gratamente sorprendida! Recomendadisimo.","Contempor√°nea, Saludable"
Prudencia,COCINA CREATIVA CON SABORES LOCALES,Fecha de la visita: septiembre de 2018,40,Excelente servicio . Porciones adecuadas. Una buena selecci√≥n de vinos y un ambiente muy agradable. Uan ubicacion en el coraz√≥n de la candelaria lo mejor es llegar en taxi,"Contempor√°nea, Saludable"
Prudencia,Rico pero normal,Fecha de la visita: noviembre de 2018,30,"La comida en s√≠ tiene buen saz√≥n, y las mezclas de sabores son interesantes, pero el precio no justifica la experiencia, esperaba m√°s vivencia. El servicio es excelente, pero no llen√≥ mis expectativas.","Contempor√°nea, Saludable"
Prudencia,EXCELENTE LUGAR,Fecha de la visita: septiembre de 2018,50,"Muy buena atenci√≥n, estupenda la comida, ambiente amigable. un lugar definitivamente para volver y recomendar","Contempor√°nea, Saludable"
Prudencia,Excelente experiencia,Fecha de la visita: marzo de 2018,50,"muy buena en todo sentido, en pleno centro de la ciudad, casa reconstruida con muy buen gusto y dise√±o","Contempor√°nea, Saludable"
Prudencia,Se√±ora,Fecha de la visita: agosto de 2018,40,"Muy agradable el ambiente, buen servicio y muy buana la comida, lo disfrutamos con un grupo numeroso de amigos del trabajo!","Contempor√°nea, Saludable"
Prudencia,Delicioso,Fecha de la visita: octubre de 2017,50,La comida es incre√≠ble. El men√∫ toda una sorpresa. La arquitectura del lugar es maravillosa. Un restaurante que vale la pena visitar.,"Contempor√°nea, Saludable"
Prudencia,Extraordinario!!!,Fecha de la visita: agosto de 2018,50,"Cada vez que venimos salimos absolutamente fascinados. Felicitaciones, es sencillamente excelente !!!‚Äô","Contempor√°nea, Saludable"
Prudencia,Agradable,Fecha de la visita: julio de 2018,40,"Es un sitio muy agradable tienen un unico menu que cambia todas las semanas. La atencion es muy buena y la comida fusion esta bien. El pan hecho ahi es rico, lo recomiendo","Contempor√°nea, Saludable"
Prudencia,Sabores unicos de las cocinas campesinas del mundo,Fecha de la visita: junio de 2018,50,"De ataque la combinaci√≥n de sabores, en este restaurante no se repite el men√∫, cada plato elaborado es exclusivo y su receta es unica. Recomendado","Contempor√°nea, Saludable"
Prudencia,CUMPLEA√ëOS,Fecha de la visita: mayo de 2018,40,Sitio agradable en la zona de la Candelaria en Bogota Con un ambiente c√°lido y agradable y una experiencia diferente El menu ofrece alternativas diarias diferentes que sorprenden,"Contempor√°nea, Saludable"
Prudencia,Es un lugar Maravilloso,Fecha de la visita: mayo de 2018,50,La pase muy bien alli. La comida es deliciosa.Algo importante para destacar es la atenci√≥n del personal pues se preocupan por que el cliente se sienta satisfecho.,"Contempor√°nea, Saludable"
Prudencia,Comida deliciosa y diferente,Fecha de la visita: mayo de 2018,50,Este restaurante tiene una combinaci√≥n de sabores √∫nica. Muy rico todo lo que prob√© all√° :). Volver√≠a feliz,"Contempor√°nea, Saludable"
Prudencia,Espectacular,Fecha de la visita: enero de 2018,50,"Me encanto. Definitivamente volver√≠a a comer alla! Que deliciosa mezcla de sabores, adem√°s muy buen servicio. Lo recomiendo!","Contempor√°nea, Saludable"
Prudencia,Fant√°stico,Fecha de la visita: noviembre de 2017,50,La relaci√≥n entre el menu y el servicio es fant√°stico. Absolutamente recomendado. Muchas gracias por hacer de nuestra celebraci√≥n un d√≠a memorable.,"Contempor√°nea, Saludable"
Prudencia,Sencillamente espectacular,Fecha de la visita: noviembre de 2017,50,Un despertar de sabores en el paladar. 100% recomendado. Un men√∫ de 4 tiempos que te lleva a un viaje gastron√≥mico,"Contempor√°nea, Saludable"
Prudencia,Simplemente excelente,Fecha de la visita: octubre de 2017,40,La comida es sencillamente excelente y el lugar incre√≠ble; es una restauraci√≥n de lujo con una atenci√≥n muy profesional.,"Contempor√°nea, Saludable"
Prudencia,Espectacular,Fecha de la visita: septiembre de 2017,50,"Que sitio tan agradable y bien montado, la atenci√≥n perfecta! , la decoraci√≥n , los detalles de cada esquina... La marquesina me encanto, y los platos todo un espect√°culo no s√≥lo por el sabor, el aroma y la presentaci√≥n.","Contempor√°nea, Saludable"
Prudencia,Espectacular,Fecha de la visita: agosto de 2017,50,"Un sitio maravilloso, men√∫ muy original, comida de gran calidad y mejor servicio. Enhorabuena y sigan as√≠. Repetir√© sin duda","Contempor√°nea, Saludable"
Prudencia,Elegante y con buen gusto,Fecha de la visita: agosto de 2017,50,"Una sorpresa agradable en la que el trato, el servicio y la comida acompa√±an a una arquitectura y decoraci√≥n tambi√©n excelentes. Una carta no muy extensa pero esmerada. Diferente a otras experiencias por Colombia","Contempor√°nea, Saludable"
Prudencia,Oculto y delicioso,Fecha de la visita: junio de 2017,50,"Ubicado en pleno coraz√≥n de la Candelaria, este restaurante sorprende, no solo por su acertada decoraci√≥n, sino tambi√©n por la calidad de su comida y el buen servicio. Definitivamente, un tesoro gastron√≥mico del centro de Bogot√°.","Contempor√°nea, Saludable"
Prudencia,Excelente. Tremendos sabores,Fecha de la visita: junio de 2017,50,"Me sorprendieron mucho los sabores. El pollo estaba exquisito, probablemente el mejor pollo que he comido en mi vida. Muy lindo el sitio, la arquitectura y la decoraci√≥n. Gracias por creer en la Candelaria y felicitaciones!!","Contempor√°nea, Saludable"
Prudencia,Que decir !! solo cosas buenas los felicito.,Fecha de la visita: mayo de 2017,50,"Como siempre calidad, acogida excelente ,muy buena comida a precios acordes .. y el entorno muy bien decorado ,lo mejor en la candelaria .","Contempor√°nea, Saludable"
Prudencia,Lo Mejor de Bogota,Fecha de la visita: abril de 2017,50,La comida es increible. Es realmente una experincia de sabores y olores. El servicio es agradable y amigable. Es un lugar para impresionar .,"Contempor√°nea, Saludable"
Prudencia,Entend√≠ que los sabores tambi√©n se pueden ver!!,Fecha de la visita: abril de 2017,50,"La delicadeza, la sencillez denotan el profundo esmero en la selecci√≥n, preparaci√≥n y presentaci√≥n de cada ingrediente logrando como resultado platos absolutamente magn√≠ficos....es una verdadera experiencia","Contempor√°nea, Saludable"
Prudencia,Must visit in the Candelaria,Fecha de la visita: febrero de 2017,50,"Un lugar absolutamente delicioso!!! Desde el primer momento el olor, sabor, colores y detalles hacen que tu experiencia sea √∫nica. Ya tenemos un nuevo mejor sitio para comer en la Candelaria. Recomendadisimo!","Contempor√°nea, Saludable"
Prudencia,Interesante sitio. Una carta del mundo muy variada. El servicio muy bueno,Fecha de la visita: septiembre de 2016,50,"Exelente el tema de cada semana un plato campesino diferente de alg√∫n pa√≠s, siempre cambia el men√∫. Muy rica la comida, es un sitio para repetir.","Contempor√°nea, Saludable"
Prudencia,Interesante,Fecha de la visita: septiembre de 2016,40,"Una buena opci√≥n, vale la pena ir, el pan lo cobran, hay buenos platos y los precios son c√≥modos, en la Candelaria hay otros restaurantes pero este es bueno, son innovadores, vayan!!","Contempor√°nea, Saludable"
Prudencia,Luminoso,Fecha de la visita: octubre de 2016,50,"Bello, amable, √∫nico, todo un deleite. Opci√≥n de calidad en la Candelaria. Aqu√≠ se rezan los gozosos. Larga vida!","Contempor√°nea, Saludable"
Prudencia,Sencillo y suficiente,Fecha de la visita: julio de 2016,40,"Es un concepto diferente que nos regresa a vivir lo sencillo y el buen gusto , la atenci√≥n agradable , falta algo de alma ,la remodelaci√≥n y la presencia de sus due√±os es vital para el ambiente","Contempor√°nea, Saludable"
Prudencia,Vale la pena.,Fecha de la visita: septiembre de 2016,40,"Los platos creativos con buenos sabores, l√°stima que sean presentados como ""combos"" de forzosa aceptaci√≥n.","Contempor√°nea, Saludable"
Prudencia,Sabores sutiles,Fecha de la visita: marzo de 2016,50,"Es una propuesta de comida que te permite tener un delicioso encuentro con sabores muy sutiles, combinados con mucha creatividad. El lugar, acogedor y muy bello!!!","Contempor√°nea, Saludable"
Prudencia,10 en todo!,Fecha de la visita: mayo de 2016,50,"Excelente la comida, sabores y forma de preparaci√≥n √∫nicos!! Una mezcla internacional dif√≠cil de describir, muy recomendado!! Y la atenci√≥n, sin igual! R√°pido y eficiente!! Hay que probarlo!","Contempor√°nea, Saludable"
Prudencia,Almuerzo,Fecha de la visita: mayo de 2016,50,"Que sitio, que comida, qu√© atenci√≥n, que concepto. Genial. S√∫per recomendado. Los cuatro momentos geniales. Muy buena cantidad y calidad.","Contempor√°nea, Saludable"
Prudencia,"Fant√°stica comida, buen ambiente. No te pierdas!!!",Fecha de la visita: febrero de 2017,50,"El fumador lento atr√°s, todo preparado servicio fresco, agradable, de verdad. . . No te pierdas este lugar. La sac√≥ de cerdo era incre√≠ble. Pan hecho en casa, guau. Esta es la mejor comida que he probado en muchos a√±os!","Contempor√°nea, Saludable"
Prudencia,Excepcional,Fecha de la visita: agosto de 2016,50,Super deliciosa comida y gran atenci√≥n. Tienen una opci√≥n vegetariana para el almuerzo y la propia due√±a se encarg√≥ de que mi comida sin gluten. Ambiente muy agradable.,"Contempor√°nea, Saludable"
El Mono Bandido,Comentario,Fecha de la visita: abril de 2021,40,Muy buena atenci√≥n. Gracias por todo! Estuvo super la visita A m√≠ grupo de amigos y a mi nos gust√≥ mucho Volveremos!,"Pub, Gastropub, Bar, Comida r√°pida"
El Mono Bandido,Divina la hamburguesa,Fecha de la visita: marzo de 2021,50,Divina la hamburguesa con salsa de naranja Una delicia La cerveza muy rica. Por st Patricks todo estaba color verde,"Pub, Gastropub, Bar, Comida r√°pida"
El Mono Bandido,Muy buen servicio,Fecha de la visita: marzo de 2021,50,"Acogedor lugar, muy bueno para pasar el rato con amigos. Excelente atenci√≥n por parte de Ginna! Recomendado","Pub, Gastropub, Bar, Comida r√°pida"
El Mono Bandido,El restaurante tiene mucha personalidad,Fecha de la visita: octubre de 2020,40,"El lugar me encant√≥, esta muy bien dise√±ado, el concepto es bueno, la atenci√≥n es lenta pero amable, la cerveza muy buena y la hamburguesa estaba buena pero nada especial. Te venden m√°s el ambiente y concepto. üôÇ","Pub, Gastropub, Bar, Comida r√°pida"
El Mono Bandido,La peor atenci√≥n.,Fecha de la visita: octubre de 2020,10,"El sitio es muy bonito, la comida normal, pero el servicio es p√©simo. Deber√≠an capacitar mejor a su personal de servicio a cliente. Son: toscos, poco amables y desatentos.","Pub, Gastropub, Bar, Comida r√°pida"
El Mono Bandido,Recomendado,Fecha de la visita: marzo de 2020,50,"Recomendado Excelente lugar y muy buena atenci√≥n. Variada carta de cervezas artesanales, el ambiente y la decoraci√≥n de 10. Sin duda volver√©.","Pub, Gastropub, Bar, Comida r√°pida"
El Mono Bandido,Rese√±a,Fecha de la visita: marzo de 2020,50,"Me encanto! Gina la mesera fue lo mejor, excelente servicio y film actitud! Recomendado el lugar y busquen a Gina!!!","Pub, Gastropub, Bar, Comida r√°pida"
El Mono Bandido,Rese√±a mono bandido,Fecha de la visita: febrero de 2020,50,"El servicio fue eficaz, r√°pido y todo estaba con buen sabor, Ginna nos atendi√≥ fue gentil, amable y comprensiva.","Pub, Gastropub, Bar, Comida r√°pida"
El Mono Bandido,"Buen bar, p√©simo restaurante",Fecha de la visita: mayo de 2019,20,"Fui en grupo de 6 personas, todos pedimos hamburguesa, tardaron 90 minutos en traerlas y para colmo las hamburguesas no eran lo que se pidi√≥","Pub, Gastropub, Bar, Comida r√°pida"
El Mono Bandido,Agradable,Fecha de la visita: enero de 2020,40,"El ambiente es muy agradable para compartir con amigos, la comida es muy buena y la atencion excelente. El volumen de la musica permite hablar.","Pub, Gastropub, Bar, Comida r√°pida"
El Mono Bandido,Opinon,Fecha de la visita: enero de 2020,50,"El lugar es demasiado bueno, bastante entretenido, la m√∫sica muy variada para todos los gustos. La atenci√≥n de los meseros es excelente... en mi caso, la mujer que me atendi√≥ fue Nicole y siempre estuvo s√∫per pendiente con una actitud a la altura del lugar.","Pub, Gastropub, Bar, Comida r√°pida"
El Mono Bandido,Mi opinion 93,Fecha de la visita: enero de 2020,50,El mono y la monas del sitio ... en gebral todas las personas que atienden especialmente ( Nicole) ... sinplemente una experiencia!,"Pub, Gastropub, Bar, Comida r√°pida"
El Mono Bandido,Recomendado,Fecha de la visita: enero de 2020,50,"Excelente ambiente y muy buena atenci√≥n, en especial de Nicole y Paula. Las mejores! No d√©jennos de conoces este magn√≠fico lugar","Pub, Gastropub, Bar, Comida r√°pida"
El Mono Bandido,Excelente,Fecha de la visita: noviembre de 2019,50,"Deliciosos tragos, buena m√∫sica. Ambiente juvenil, los fines de semana hay que hacer fila para entrar porque es peque√±o el lugar, hay algunas opciones de comida para despu√©s de unos buenos tragos. Muy buenas atenciones.","Pub, Gastropub, Bar, Comida r√°pida"
El Mono Bandido,Una chimba c√≥mo siempre,Fecha de la visita: diciembre de 2019,50,M√°s lleno de lo costumbre pero a√∫n as√≠ los chicos nos atendieron muy bien y la comida deliciosa. Recomendadisimo.,"Pub, Gastropub, Bar, Comida r√°pida"
El Mono Bandido,Siempre un buen rato,Fecha de la visita: septiembre de 2019,50,"Para mi es un lugar ideal para ir con amigos por cervezas y buena comida. El ambiente es genial, buena calidad, buenas bebidas, buena atenci√≥n, buena m√∫sica!","Pub, Gastropub, Bar, Comida r√°pida"
El Mono Bandido,Muy buen ambiente,Fecha de la visita: noviembre de 2019,40,"Linda decoraci√≥n, buen ambiente aunque algo ruidoso, no se escucha mucho la m√∫sica. La cerveza rica al igual que las cervezas.","Pub, Gastropub, Bar, Comida r√°pida"
El Mono Bandido,Excelente,Fecha de la visita: noviembre de 2019,50,Muy bonito y agradable la atenci√≥n ha sido excelente adem√°s esta en un sector donde la competencia es muy fuerte,"Pub, Gastropub, Bar, Comida r√°pida"
El Mono Bandido,Despu√©s del trabajo por qu√© no una cerveza?,Fecha de la visita: diciembre de 2018,40,"Es un sitio muy agradable, acogedor con una propuesta muy interesante como denominan las mesas y el lugar, es perfecto para reir de las angustias laborales :)","Pub, Gastropub, Bar, Comida r√°pida"
El Mono Bandido,Excelente opci√≥n para ir los viernes,Fecha de la visita: noviembre de 2019,50,"Despu√©s de un d√≠a pesado este sitio es el indicado para ir con amigos, atenci√≥n y ambiente geniales.","Pub, Gastropub, Bar, Comida r√°pida"
El Mono Bandido,Muy bueno,Fecha de la visita: octubre de 2019,40,"Lindo lugar, rica cerveza y muy buena atenci√≥n. Tuvimos una mesera que incluso con la cocida cerrada nos ofreci√≥ llevarnos algo de comida.","Pub, Gastropub, Bar, Comida r√°pida"
El Mono Bandido,Peculiar,Fecha de la visita: diciembre de 2018,40,Es un sitio ara quienes disfrutan de una cerveza con buena m√∫sica. Quiz√°s un poco ruidosa en algunos de los salones. pero es bueno el concepto y la zona de Bogot√° en que est√° es muy cl√°sica y bonita.,"Pub, Gastropub, Bar, Comida r√°pida"
El Mono Bandido,"Muy agradable lugar, un bar atractivo",Fecha de la visita: noviembre de 2019,50,"Amable atenci√≥n, inmejorable cocina, finos licores. Nos fue f√°cil encontrar mesa, el bar est√° muy bien surtido y ofrece una decoraci√≥n de buen gusto","Pub, Gastropub, Bar, Comida r√°pida"
El Mono Bandido,Buen lugar para parchar,Fecha de la visita: noviembre de 2019,40,"Excelente ubicaci√≥n, la terraza y el interior son super c√≥modos y el estilo y la m√∫sica son geniales; el precio es un poco alto para la calidad del producto.","Pub, Gastropub, Bar, Comida r√°pida"
El Mono Bandido,Buen lugar !,Fecha de la visita: octubre de 2019,50,Los cocteles mucho mejor que la cerveza y la comida deliciosa... El ambiente es muy acogedor Recomendado !,"Pub, Gastropub, Bar, Comida r√°pida"
El Mono Bandido,Gran sitio,Fecha de la visita: noviembre de 2019,50,Buen√≠sima atenci√≥n de Paula! Gran sitio. La m√∫sica es muy buena y la atenci√≥n fue muy buena. Y buena idea la de dar un animal para la cuenta,"Pub, Gastropub, Bar, Comida r√°pida"
El Mono Bandido,Muy buena atencion,Fecha de la visita: noviembre de 2019,50,"Me gusto mucho el servicio de paula, muy amable y atenta. Cerveza muy buena y buena musica. Me gustarin mucho los banos","Pub, Gastropub, Bar, Comida r√°pida"
El Mono Bandido,Halloween,Fecha de la visita: noviembre de 2019,50,"Muy buen ambiente, la cerveza tiene un sabor incre√≠ble, las papas mega crocantes y muy buena m√∫sica. Pa qu√© m√°s???","Pub, Gastropub, Bar, Comida r√°pida"
El Mono Bandido,Mono bandido recomendado,Fecha de la visita: noviembre de 2019,50,"Muy buen lugar, buena comida y cerveza, buen ambiente. S√∫per recomendado para venir con amigos a pasar el rato","Pub, Gastropub, Bar, Comida r√°pida"
El Mono Bandido,Recomendado,Fecha de la visita: octubre de 2019,50,"El ambiente del sitio es muy agradable, La decoraci√≥n del sitio es linda, la comida es muy rica, buen plan en pareja y con amigos, La atenci√≥n de Paula la mejor. Ame la decoraci√≥n de las copas, las servilletas y los porta vasos! Volveremos!","Pub, Gastropub, Bar, Comida r√°pida"
El Mono Bandido,Excelente!,Fecha de la visita: octubre de 2019,50,"Comida y cerveza muy buenas, atenci√≥n al cliente excelente. Gracias, volver√© pronto. Vasco, Portugal","Pub, Gastropub, Bar, Comida r√°pida"
El Mono Bandido,Muy recomendado,Fecha de la visita: octubre de 2019,50,"La cerveza de este lugar es deliciosa, la atenci√≥n es muy buena y las instalaciones son muy agradables y c√≥modas. Los precios de las jarras oscilan entre 35 y 45k","Pub, Gastropub, Bar, Comida r√°pida"
El Mono Bandido,Pola de Maracuy√°,Fecha de la visita: octubre de 2019,50,"Con una buena pola pas√© un buen momento en compa√±√≠a de un buen hombre. Maravilloso y muy cool, ya? Gracias!","Pub, Gastropub, Bar, Comida r√°pida"
El Mono Bandido,El canguro sin cabeza,Fecha de la visita: octubre de 2019,50,"Es un lugar de muy buen ambiente, con la mejor infraestructura y dise√±o, te da una vibra muy cool para cualquier plan.","Pub, Gastropub, Bar, Comida r√°pida"
El Mono Bandido,El mono,Fecha de la visita: octubre de 2019,50,Buen sitio ! Un ambiente agradable solo para mejorar un poco la distribuci√≥n de las mesas nos toco una zona donde hab√≠an muchas mesas comparando con otros sectores del sitio,"Pub, Gastropub, Bar, Comida r√°pida"
El Mono Bandido,Amigos y pola,Fecha de la visita: octubre de 2019,50,"Buen sitio y buena comida, buena idea en las servilletas. Ideal para extranjeros a un buen precio........","Pub, Gastropub, Bar, Comida r√°pida"
El Mono Bandido,Conoci el amor üòç,Fecha de la visita: octubre de 2019,50,"Gracias a las servilletas disfrute una noche edpectacular con mis amigas.excelente servicio, todo super rico y yo mas que feliz","Pub, Gastropub, Bar, Comida r√°pida"
El Mono Bandido,"Un gran lugar, con servilletas de amor y cervezas.",Fecha de la visita: octubre de 2019,50,Los cocktails un hit! Y nos divertimos toda la noche con las servilletas y los mensajes. Recomendad√≠simo para pasar un gran rato con amigos y una buena pola.,"Pub, Gastropub, Bar, Comida r√°pida"
El Mono Bandido,Un gran plan para parchar,Fecha de la visita: octubre de 2019,50,"Es un gran lugar para hacer la previa. Tienen un gran concepto. Tiene un juego de servilletas para conocer gente, la comida es incre√≠ble y los c√≥cteles son muy buenos","Pub, Gastropub, Bar, Comida r√°pida"
El Mono Bandido,cumple Ale,Fecha de la visita: octubre de 2019,50,"buena comida, gran esmero en la atenci√≥n y decoraci√≥n, ambiente vers√°til,excelente sitio para ir con amigos","Pub, Gastropub, Bar, Comida r√°pida"
El Mono Bandido,Cumple Ale,Fecha de la visita: octubre de 2019,40,Buen servicio y buena atenci√≥n... Recomendado para hablar el sabor de las comidas es bueno y buenas salsas,"Pub, Gastropub, Bar, Comida r√°pida"
El Mono Bandido,Cumple Ale,Fecha de la visita: octubre de 2019,50,"Excelente lugar, muy lindo , buena musica y buen servicio , el tema del bar muy chevere , s√∫per recomendando para planes de amigos .","Pub, Gastropub, Bar, Comida r√°pida"
El Mono Bandido,Good food,Fecha de la visita: octubre de 2019,50,"Excelentes hamburguesas y un lugar espectacular para venir con amigos, recomiendo la burger p√≠cara...","Pub, Gastropub, Bar, Comida r√°pida"
El Mono Bandido,Cumple de ale,Fecha de la visita: octubre de 2019,50,"Exelente lugar servicio,El ambiente es muy ameno. El mono bandido totalmente recomendado. excelente atencion.","Pub, Gastropub, Bar, Comida r√°pida"
El Mono Bandido,Cumple de Ale,Fecha de la visita: octubre de 2019,50,"Un restaurante muy acogedor para disfrutar con familia y/o grupo de amigos, servicio excelente y comida muy rica.","Pub, Gastropub, Bar, Comida r√°pida"
El Mono Bandido,Mi primera vez en mono bandido,Fecha de la visita: octubre de 2019,50,Severa atenci√≥n. Un ambiente muy agradable para pasar con amigos. Espero volver pronto Gracias Milena :3,"Pub, Gastropub, Bar, Comida r√°pida"
El Mono Bandido,Servicio full,Fecha de la visita: octubre de 2019,50,"La mejor experiencia, volver√≠a siempre... Pau nos atendi√≥ c√≥mo reyes, es la mekor... Las servilletas son un hit!","Pub, Gastropub, Bar, Comida r√°pida"
El Mono Bandido,Despedida,Fecha de la visita: octubre de 2019,50,Es el mejor sitio para tomar unas cervezas con amigos. Un sitio muy c√≥modo y con un excelente servicio,"Pub, Gastropub, Bar, Comida r√°pida"
El Mono Bandido,El mono bandido es genial,Fecha de la visita: octubre de 2019,50,"Mejor lugar ever. Buena vibra, servicio, todo. Buen lugar para ir con amigos. Recomendado cualquier d√≠a de la semana.","Pub, Gastropub, Bar, Comida r√°pida"
El Mono Bandido,EL MEJOR SERVICIOOO,Fecha de la visita: octubre de 2019,50,"Vine con mis 80 amigos... y literal todos la pasamos INCRE√çBLE , la cerveza es una chimba. Definitivamente fue una excelente experiencia","Pub, Gastropub, Bar, Comida r√°pida"
El Mono Bandido,7% beer,Fecha de la visita: octubre de 2019,50,"Buena cerveza de 7% grados de alcohol, raro en las artesanales de Bogot√°..... #Marco buena atenci√≥n.","Pub, Gastropub, Bar, Comida r√°pida"
El Mono Bandido,Buen sitio para tomar polas,Fecha de la visita: octubre de 2019,50,"Es un excelente sitio para pasar con los amigos, tomar polas y escuchar buena m√∫sica! Excelente y super recomenda.","Pub, Gastropub, Bar, Comida r√°pida"
El Mono Bandido,Mono bandido,Fecha de la visita: octubre de 2019,50,"Me gust√≥ bastante, muy buena la comida, la m√∫sica estuvo estupenda y la atenci√≥n excelente :) #marco","Pub, Gastropub, Bar, Comida r√°pida"
El Mono Bandido,Comida y ambiente agradable,Fecha de la visita: octubre de 2019,50,"Fuimos atendidos muy bien por Milena, el sitio es muy acogedor, buena cerveza, buena comida y excelente atenci√≥n, s√∫per recomendada","Pub, Gastropub, Bar, Comida r√°pida"
El Mono Bandido,Miernes,Fecha de la visita: octubre de 2019,50,"Milena, excelente servicio!! Que buena noche. Pedimos una jarra de cerveza Pale Ale, la mejor cerveza artesanal de la ciudad.","Pub, Gastropub, Bar, Comida r√°pida"
El Mono Bandido,Excelente experiencia,Fecha de la visita: octubre de 2019,50,Buen lugar y buena m√∫sica. Perfecto para encender motores y cerrar cap√≠tulos. S√∫per la atenci√≥n de Milena,"Pub, Gastropub, Bar, Comida r√°pida"
El Mono Bandido,Delicioso,Fecha de la visita: julio de 2019,50,"Un lugar donde puedes pasar un gran momento con amigos celebrar, compartir deliciosa la hamburguesa. Volver√©...","Pub, Gastropub, Bar, Comida r√°pida"
El Mono Bandido,La mejor cerveza,Fecha de la visita: octubre de 2019,50,"El mejor servicio que he tenido, excelente atenci√≥n a mesa, nos atendi√≥ una chica morenita super amable y atenta. El hecho de las pruebas para saber que cerveza nos gusta o deseamos, fue increible, el ambiente es ameno. Super recomendable.","Pub, Gastropub, Bar, Comida r√°pida"
El Mono Bandido,Visita,Fecha de la visita: octubre de 2019,50,"La experiencia fue genial! Paula es demasiado gentil, puesyo que se tom√≥ el tiempo de explicarnos el significado de los obhetos sobre las mesas","Pub, Gastropub, Bar, Comida r√°pida"
El Mono Bandido,Amigos!,Fecha de la visita: octubre de 2019,50,"Muy buena opci√≥n para compartir en compa√±√≠a de amigos o pareja , deli la cerveza y execelente servicio","Pub, Gastropub, Bar, Comida r√°pida"
El Mono Bandido,Que gran lugar!!,Fecha de la visita: octubre de 2019,50,"Estuvimos el viernes y la pasamos genial. esperamos un rato porque llegamos sin reserva pero el administrador nos ayudo con una mesa ya que eramos un grupo grande, sum√°ndole lo buenas que son las cervezas!","Pub, Gastropub, Bar, Comida r√°pida"
El Mono Bandido,Mono bandido incre√≠ble,Fecha de la visita: octubre de 2019,50,"Estaba paseando por Bogot√° y encontr√© el mono bandido y venga, ha estado de ostias. Lugar recomendado, muy rico!","Pub, Gastropub, Bar, Comida r√°pida"
El Mono Bandido,Pola,Fecha de la visita: octubre de 2019,50,"Muy buena la cerveza y disfrutando de buena compa√±√≠a, excelente servicio.. muy buena la atenci√≥n....","Pub, Gastropub, Bar, Comida r√°pida"
El Mono Bandido,Un lugar fantastico,Fecha de la visita: octubre de 2019,50,"Espectacular me encanto la m√∫sica, decoraci√≥n c√≥mida, la cerveza deliciosa es diferente muy buena la atenci√≥n fue lo m√°ximo la mesera fue atenta cordial realmente me sent√≠ muy bien cuando vallan les recomiendo pedir a Milena una jovencita s√∫per atenta y sinpaticaüçª gracias","Pub, Gastropub, Bar, Comida r√°pida"
El Mono Bandido,El mejor lugar,Fecha de la visita: octubre de 2019,50,Es un lugar muy acogedor la comida es excelente y la atenci√≥n es genial una chica de nombre Blanca siempre nos atiende con la mejor actitud,"Pub, Gastropub, Bar, Comida r√°pida"
El Mono Bandido,El mejor restaurante bar de Bogot√°,Fecha de la visita: octubre de 2019,50,"Es el lugar perfecto para ir en pareja, el ambiente se presta para entablar una buena conversaci√≥n y la comida es deliciosa.","Pub, Gastropub, Bar, Comida r√°pida"
El Mono Bandido,üòç,Fecha de la visita: octubre de 2019,50,"Voy cada fin de semana y vivo enamorada del lugar,me gusta las papas bravas y el alioli te las recomiendo, me atendi√≥ blanca es alegr√©.","Pub, Gastropub, Bar, Comida r√°pida"
El Mono Bandido,Tarde de amigos,Fecha de la visita: octubre de 2019,50,"Estuvo excelente, la cerveza, la comida y la atenci√≥n tambi√©n estuvo espectacular, tuvimos una tarde s√∫per agradable y la compa√±√≠a de blanquita, quien nos atendi√≥ s√∫per bien!!","Pub, Gastropub, Bar, Comida r√°pida"
El Mono Bandido,La mejor opci√≥n,Fecha de la visita: octubre de 2019,50,Queda muy cerca al parque la 93 es hermoso y el servicio el mejor.... Blanca y el barman son los mejores y atentos.,"Pub, Gastropub, Bar, Comida r√°pida"
El Mono Bandido,Buena atenci√≥n,Fecha de la visita: octubre de 2019,50,Vinimos en la tarde el domingo y la atenci√≥n de Milena fue muy buena. El lugar es agradable y los precios son razonables.,"Pub, Gastropub, Bar, Comida r√°pida"
El Mono Bandido,Excelente servicio,Fecha de la visita: octubre de 2019,50,"Me pareci√≥ genial la atenci√≥n, tambi√©n la frescura y sabor de los productos. Genial tu atenci√≥n #Blanca","Pub, Gastropub, Bar, Comida r√°pida"
El Mono Bandido,Excelente,Fecha de la visita: octubre de 2019,50,"Una buena experiencia, excelente comida y servicio. un excelente ambienta para ir en pareja u amigos. #blanca","Pub, Gastropub, Bar, Comida r√°pida"
El Mono Bandido,El mejor sitio,Fecha de la visita: octubre de 2019,50,"Blanca me dio la mejor atenci√≥n, disfrute una magn√≠fica hamburguesa acompa√±ada de la mejor cerveza artesanal.","Pub, Gastropub, Bar, Comida r√°pida"
El Mono Bandido,Genial,Fecha de la visita: octubre de 2019,50,"El ambiente es genial, la comida es deliciosa, un buen lugar que visitar en Bogot√°, lo recomiendo un excelente servicio #blanca","Pub, Gastropub, Bar, Comida r√°pida"
El Mono Bandido,Es hermoso.,Fecha de la visita: octubre de 2019,50,"Me encanta todo, literal todo del sitio recomiendo la serveza belgian y las tapitas #blancalamejor......","Pub, Gastropub, Bar, Comida r√°pida"
El Mono Bandido,La mejor experiencia :),Fecha de la visita: octubre de 2019,50,"El dia de ayer visite el mono bandido y me senti como en casa, me atendio una chica llamada Milena Castilblanco y su servicio fue genial! Queria destacar su exelente servicio! Gracias mono bandido por permitirnos vivir momentos √∫nicos!","Pub, Gastropub, Bar, Comida r√°pida"
El Mono Bandido,S√∫per excelente,Fecha de la visita: octubre de 2019,50,"Un lugar Genial , el ambiente, m√∫sica y cerveza espectacular . Milena es la mejor mesera .muy buena atenci√≥n al cliente la recomiendo mucho ‚ÄúLA MEJOR‚Äù","Pub, Gastropub, Bar, Comida r√°pida"
El Mono Bandido,Truco de las servilletas,Fecha de la visita: octubre de 2019,50,"Trate de conquistar una bella mexicana... Con la ayuda de pau... Pero no se dieron las cosas... Igual la dimos toda... Y. Me llevo una gran experiencia, definitivamente me diverti mucho","Pub, Gastropub, Bar, Comida r√°pida"
El Mono Bandido,Noche de re encontr√≥,Fecha de la visita: octubre de 2019,50,Milena nos atendi√≥ muy bien y fue la mejor mensajera!!! La mejor cerveza del mundo! Viva el mono bandido!!!,"Pub, Gastropub, Bar, Comida r√°pida"
El Mono Bandido,Una risa pa recordar,Fecha de la visita: octubre de 2019,50,"Paula es una divina gvn üòçüòçüòçüòçüòç Mi amor plat√≥nico, Aparte me atendi√≥ como nunca antes ... volver√© por ella y por esa magnifica cerveza...enamorado de la cerveza .. la m√∫sica y ella ...","Pub, Gastropub, Bar, Comida r√°pida"
El Mono Bandido,El mejor servicio,Fecha de la visita: octubre de 2019,50,Una noche innolvidable gracias a paula ‚ô•Ô∏èü•∞üòú siempre atenta brindadonos diferentes opciones para mejorar l noche. La mejor musica y ambiente de bogota para estar relajados.,"Pub, Gastropub, Bar, Comida r√°pida"
El Mono Bandido,el amor esconde,Fecha de la visita: octubre de 2019,50,maravilloso lugar para veladas exquisitas. Delicioso todo . ambiente agradable. üôèüôèüòçüòçla chica muy atenta,"Pub, Gastropub, Bar, Comida r√°pida"
El Mono Bandido,Buen ambiente!,Fecha de la visita: octubre de 2019,50,"El lugar es excelente, buena m√∫sica y ambiente agradable para compartir, con una gran atenci√≥n de Milena... S√∫per! Volveremos!","Pub, Gastropub, Bar, Comida r√°pida"
El Mono Bandido,Amor y amistad,Fecha de la visita: octubre de 2019,50,"Excelente lugar, buena m√∫sica, buen ambiente, la comida es rica, Milena nuestra mesera es un amor. Super recomendado","Pub, Gastropub, Bar, Comida r√°pida"
El Mono Bandido,Excelente atenci√≥n!,Fecha de la visita: octubre de 2019,50,S√∫per agradable atenci√≥n y excelente atenci√≥n de Milena! Muy recomendado para pasar un rato agradable!,"Pub, Gastropub, Bar, Comida r√°pida"
El Mono Bandido,Excelente lugar,Fecha de la visita: octubre de 2019,50,"Excelente lugar para pasar el rato y conversar, tambi√©n fue excelente la atenci√≥n de Angie, quien nos coment√≥ sobre el lugar y la din√°mica del lugar. S√∫per recomendad√≠simo!","Pub, Gastropub, Bar, Comida r√°pida"
El Mono Bandido,Cerveza artesanal de calidad!!!!!,Fecha de la visita: octubre de 2019,50,"La cerveza, el ambiente, la mejor atencion! Todo muy Chevere y agrad√°vel! Gracias el mono bandido, de verdad!","Pub, Gastropub, Bar, Comida r√°pida"
El Mono Bandido,Mejor cerveza de bogota!!!,Fecha de la visita: octubre de 2019,50,Una cerveza muy rica . La mejor atencion de Bogot√° . Tuve una excelente experi√™ncia con la comida y bebida lo recomiendo al 100%,"Pub, Gastropub, Bar, Comida r√°pida"
El Mono Bandido,Uma experi√™ncia com amigos inesquec√≠vel - Ardilla,Fecha de la visita: octubre de 2019,50,"Apesar de ser de Colombia nunca hab√≠a estado en el Mono bandido, fue una experiencia √∫nica con una atenci√≥n excepcional lo recomiendo por siempre","Pub, Gastropub, Bar, Comida r√°pida"
El Mono Bandido,Lo mejor de lo mejor,Fecha de la visita: octubre de 2019,50,"Estuve en mi cumplea√±os festejando con un grupo grande de amigos, el ambiente estuvo incre√≠ble, y ni hablar de la atenci√≥n de las chicas y chicos, nos trataron s√∫per bien... RECOMENDADO 100‚Ä∞ ‚ô•Ô∏èüòÅüòÅüòÅ","Pub, Gastropub, Bar, Comida r√°pida"
El Mono Bandido,Muy buen lugar para compartir con los amigos,Fecha de la visita: octubre de 2019,50,El mono chapinero (calle 54) es un muy buen lugar para compartir con los amigos. Recomendado para todos.,"Pub, Gastropub, Bar, Comida r√°pida"
El Mono Bandido,Muy buena cerveza artesanal y excelente ambiente!!,Fecha de la visita: octubre de 2019,50,"Muy buena atenci√≥n, el lugar hermoso, muy buena m√∫sica y sobre todo muy buena cerveza artesanal!! La vibra del lugar es genial!!","Pub, Gastropub, Bar, Comida r√°pida"
El Mono Bandido,4 amigos con 4 cervezas,Fecha de la visita: octubre de 2019,50,"El ambiente, m√∫sica, LA ATENCI√ìN y cerveza del lugar esta buen√≠simo.. sin duda, una parada obligatoria si estas en Bogota! Robertoüáµüá¶","Pub, Gastropub, Bar, Comida r√°pida"
El Mono Bandido,Exelente servicio,Fecha de la visita: septiembre de 2019,50,"Magn√≠fico servicio, excelente opci√≥n para ir parchar un fin de semana, as√≠ mismo, muy buena atenci√≥n por parte de Stephanie.","Pub, Gastropub, Bar, Comida r√°pida"
El Mono Bandido,Tuve el gorila,Fecha de la visita: septiembre de 2019,50,"El ambiente es bueno, la m√∫sica es agradable, hay una oferta variada de bebidas y comida, con buena atenci√≥n.","Pub, Gastropub, Bar, Comida r√°pida"
El Mono Bandido,Amor&amistad,Fecha de la visita: septiembre de 2019,40,"Sitio recomendado, buen ambiente, muy buena atenci√≥n, el lugar muy lindo, deliciosa la comida; sin duda volver√≠a...","Pub, Gastropub, Bar, Comida r√°pida"
El Mono Bandido,No se da buen servicio,Fecha de la visita: abril de 2019,20,El lugar es muy encerrado el ruido de las otras personas que est√°n ah√≠ perturba la conversaci√≥n. No hay buena orientaci√≥n por parte de las meseras. No se da una degustaci√≥n de los diferentes tipos de cerveza para elegir mejor.,"Pub, Gastropub, Bar, Comida r√°pida"
El Mono Bandido,Buen lugar,Fecha de la visita: marzo de 2019,30,"Es un lindo espacio, buen ambiente pero la cerveza artesanal, as√≠ como la comida no son algo a destacar.","Pub, Gastropub, Bar, Comida r√°pida"
El Mono Bandido,Despu√©s del trabajo,Fecha de la visita: julio de 2019,40,"Sitio con buena m√∫sica, buenas Cervezas pero sobre todo muy buenas GYN & T√ìNIC ... es importante llegar temprano pues la fila es larga y hay que esperar ... magn√≠fica iluminaci√≥n que invita a entrar ...","Pub, Gastropub, Bar, Comida r√°pida"
El Mono Bandido,Buen√≠simo,Fecha de la visita: agosto de 2019,50,"Muy buen sitio. Buen ambiente, la cerveza y la comida son muy ricas. Fui al de la 69 con 10, creo en la 50 y algo con 4 hay uno.","Pub, Gastropub, Bar, Comida r√°pida"
El Mono Bandido,Lugar especial,Fecha de la visita: agosto de 2019,50,"Lugar especial para cerveza, m√∫sica y amigos. Atenci√≥n especial, variedad de bebidas y comidas.. Sitio ideal en Bogot√°","Pub, Gastropub, Bar, Comida r√°pida"
El Mono Bandido,Excelente,Fecha de la visita: junio de 2019,50,"Un gran lugar para compartir con amigos, variedad de comidas, cervezas y una cidra espectacular! La atenci√≥n fue impecable y la relaci√≥n de calidad/precio es muy buena.","Pub, Gastropub, Bar, Comida r√°pida"
El Mono Bandido,Me encanta este lugar!,Fecha de la visita: agosto de 2019,50,"La atenci√≥n fue incre√≠ble, mejor que las cervezas, a√∫n cuando eran divinas!!!!! Tremendo lugar, lo recomiendo ampliamente","Pub, Gastropub, Bar, Comida r√°pida"
El Mono Bandido,Excelente,Fecha de la visita: agosto de 2019,50,"Excelente lugar, muy buena musica y ambiente. Muy buena atencion, una carta amplia con variedad de bebidas y comida","Pub, Gastropub, Bar, Comida r√°pida"
El Mono Bandido,Excelente servicio,Fecha de la visita: agosto de 2019,50,"El lugar es incre√≠ble para pasar un rato con amigos. Buena comida y cerveza. El servicio de Niki, inigualable.","Pub, Gastropub, Bar, Comida r√°pida"
El Mono Bandido,El mono bandido es el mejor bar de Bogot√°!,Fecha de la visita: agosto de 2019,50,"Excelente lugar, perfecto para salir con amigos. La atenci√≥n de Nika fue excelente. Recomiendo la cerveza Witbier y la hamburguesa vegetariana.","Pub, Gastropub, Bar, Comida r√°pida"
El Mono Bandido,Nika hace que el mono sea el mejor lugar del mundo,Fecha de la visita: agosto de 2019,50,"Nika es excelente y hace venir al mono una experiencia incre√≠ble, 100 por ciento recomendado. Hay que venir al mono todo el tiempo","Pub, Gastropub, Bar, Comida r√°pida"
El Mono Bandido,Excelente servicio!,Fecha de la visita: agosto de 2019,50,"El ambiente, las servilletas, pro! Recomendado. Nika, excelente servicio. Recomiendo la cerveza belga","Pub, Gastropub, Bar, Comida r√°pida"
El Mono Bandido,La monada,Fecha de la visita: agosto de 2019,50,"Un lugar bastante agradable para compartir, lugar original limpio personas atentas y buena m√∫sica....","Pub, Gastropub, Bar, Comida r√°pida"
El Mono Bandido,Gran sitio,Fecha de la visita: agosto de 2019,50,"Nika es la jefa de jefas, creo que la amo al infinito ‚ù§Ô∏è Todo muy rico todo muy bello y de seguro volver√©","Pub, Gastropub, Bar, Comida r√°pida"
El Mono Bandido,S√∫per incre√≠ble :),Fecha de la visita: agosto de 2019,50,El sitio es un lugar incre√≠ble con un gran ambiente. Nika fue nuestra mesera y ayud√≥ a que nuestra noche fuera genial :D,"Pub, Gastropub, Bar, Comida r√°pida"
El Mono Bandido,Muy bueno,Fecha de la visita: agosto de 2019,50,"Nika fue una gran mesera. Adicionalmente, el ambiente del restaurante es excelente. Por √∫ltimo, la comida era excepcional. Muy recomendado.","Pub, Gastropub, Bar, Comida r√°pida"
El Mono Bandido,Incre√≠ble :D,Fecha de la visita: agosto de 2019,50,"Nika fue muy atenta y amable, el ambiente muy ch√©vere y original con los nombres de las mesas y la idea de la servilleta. Las cervezas son deliciosas (sobretodo la witbier) y la comida deliciosa üòÅ.","Pub, Gastropub, Bar, Comida r√°pida"
El Mono Bandido,Festejo de cumplea√±os,Fecha de la visita: agosto de 2019,50,"Angie es la mejor de las asesoras que he tenido en mi vida!!! Amo este lugar!!! Es de lo mejor que se ha desarrollado en Bogot√°, buena carta de comidas, muy buenos precios, una atenci√≥n increible y una ubicaci√≥n super central.","Pub, Gastropub, Bar, Comida r√°pida"
El Mono Bandido,Descrestado!!,Fecha de la visita: agosto de 2019,50,"El lugar estaba lleno, pero el barman Ricardo tenia espacio y ademas de ayudarnos en ubicacion amenizo muchisimo nuestro estadia y nos motivo a compartir unos buenos tragos que hicieron nuestra noche magnifica!","Pub, Gastropub, Bar, Comida r√°pida"
El Mono Bandido,Excelente lugar,Fecha de la visita: agosto de 2019,50,"Buen sitio para tomar cerveza o coctel y charlar... buen servicio, buen ambiente, buena musica. El barman es muy amable y atento.","Pub, Gastropub, Bar, Comida r√°pida"
El Mono Bandido,Amigos,Fecha de la visita: agosto de 2019,50,Un excelente lugar para pasarla con amigos buena cerveza lo mejor de la 93 gracias angie por tu atenci√≥n,"Pub, Gastropub, Bar, Comida r√°pida"
El Mono Bandido,El mejor ambiente,Fecha de la visita: julio de 2019,50,"El mejor lugar del parque 93 para tomarse una cerveza en Bogot√° sin duda. Excelente m√∫sica, servicio y sobre todo ambiente. Muy recomendado!","Pub, Gastropub, Bar, Comida r√°pida"
El Mono Bandido,Parche!,Fecha de la visita: julio de 2019,50,"Espacio agradable, diferente, c√≥modo, buen ambiente, buen servicio para pasar con amigos, buena m√∫sica , rica comida y cerveza recomendado","Pub, Gastropub, Bar, Comida r√°pida"
El Mono Bandido,Sitio muy agradable! Excelente atenci√≥n!,Fecha de la visita: julio de 2019,50,"El ambiente es muy bueno, los precios est√°n bien, gran variedad de bebidas y comida. Blanca es lo maximoooo.","Pub, Gastropub, Bar, Comida r√°pida"
El Mono Bandido,Gin y pola,Fecha de la visita: julio de 2019,50,"Estuvimos con amigos celebrando nuestro matrimonio, la pasamos delicioso, no ten√≠amos reserva y el host H√©ctor s√∫per querido nos dio una mesa, la cerveza deliciosa y el fin de frutos. Volveremos!","Pub, Gastropub, Bar, Comida r√°pida"
El Mono Bandido,Ehhh monito!,Fecha de la visita: julio de 2019,50,Qu√© buenas cervezas tienen. Recomendado! Qu√© buen plan es sentarse y poder catar cervezas artesanales de muy buen nivel. Esto me hace orgulloso c√≥mo amante de la cerveza y Coleccionista de que se est√© elaborando cerveza de tan bien nivel.,"Pub, Gastropub, Bar, Comida r√°pida"
El Mono Bandido,Deliciosa experiencia!!,Fecha de la visita: julio de 2019,50,"La Hamburguesa Bandida deliciosa!! La cerveza belgian exquisita, buena m√∫sica! Sin duda recomendado!","Pub, Gastropub, Bar, Comida r√°pida"
El Mono Bandido,Excelente servicio,Fecha de la visita: julio de 2019,50,"Muy buen servicio, el ambiente es perfecto para charlar y pasar un excelente rato con amigos !!!!!!!","Pub, Gastropub, Bar, Comida r√°pida"
El Mono Bandido,Muy buen sitio para compatir,Fecha de la visita: julio de 2019,40,"Muy buen sitio para compartir, la cerveza de belgian es la mejor!, para comer est√°n buenas las hamburguesas sobre todo la p√≠cara","Pub, Gastropub, Bar, Comida r√°pida"
El Mono Bandido,Excelente lugar para pasar con amigos,Fecha de la visita: julio de 2019,50,"Buena cerveza, buen ambiente, buena m√∫sica. Volver√© a compartir con amigos y pasar un grato agradable","Pub, Gastropub, Bar, Comida r√°pida"
El Mono Bandido,La mejor cerveza,Fecha de la visita: julio de 2019,50,Vine porque los segu√≠a en Instagram y me gustaba sus historias y no me arrepiento Me encanto el serviico el ambiente es fenomenal muy contempor√°neo lo recomiendo un 1000%,"Pub, Gastropub, Bar, Comida r√°pida"
El Mono Bandido,Paula la mejor mesera,Fecha de la visita: julio de 2019,50,Paula nos atendi√≥ muy bien. Muy buena recomendaci√≥n de cerveza y comida. El ambiente espectacular. Recomendado 100%.,"Pub, Gastropub, Bar, Comida r√°pida"
El Mono Bandido,Cerveza la mejor de bogota,Fecha de la visita: julio de 2019,50,Una chimba esa mesera Paula bacano como en casa. Nos regalaron cerveza hota lo mejor el ambiente es uno de los mejores en bogota,"Pub, Gastropub, Bar, Comida r√°pida"
El Mono Bandido,Sitio agradable,Fecha de la visita: julio de 2019,50,"Buen sitio para compartir hamburguesa y cerveza. El ambiente del lugar es c√°lido y super agradable, para pasar un buen rato. Buena m√∫sica y super c√≥modo.","Pub, Gastropub, Bar, Comida r√°pida"
El Mono Bandido,Mono bandido lo mejor,Fecha de la visita: julio de 2019,50,"Un sitio muy agradable, muy lindo, excelente servicio, lugar muy agradable para tomar con los amigos","Pub, Gastropub, Bar, Comida r√°pida"
El Mono Bandido,Volver√≠a de nuevo,Fecha de la visita: julio de 2019,50,"El servicio es muy bueno y el concepto diferente, todo es muy bueno. La comida y atenci√≥n fue excelente","Pub, Gastropub, Bar, Comida r√°pida"
El Mono Bandido,Buena atenci√≥n,Fecha de la visita: julio de 2019,50,"Recomendado, buena m√∫sica y cerveza. Tambi√©n la atenci√≥n, y el sitio muy bonito, para pasar una tarde.","Pub, Gastropub, Bar, Comida r√°pida"
El Mono Bandido,"Buena cerveza, m√∫sica y comida!",Fecha de la visita: julio de 2019,50,Deliciosa la hamburguesa y la cerveza!! Recomendadisimo! Vengan a pedir la amber Ale y las cervezas de la casa.,"Pub, Gastropub, Bar, Comida r√°pida"
El Mono Bandido,Buena comida y excelente ambiente,Fecha de la visita: julio de 2019,50,Ambiente lindo y acalientador en el fr√≠o de Bogot√°. La cerveza y la comida son muy buenas y el servicio es incre√≠ble. Hurray a Angie qu√© nos apoy√≥ con el servicio!!! Excelentes opciones vegetarianas! Super recomendado!!,"Pub, Gastropub, Bar, Comida r√°pida"
El Mono Bandido,El mejor ambiente y comida para pasar con los amigos,Fecha de la visita: julio de 2019,50,"La comida deliciosa, ambiente agradable, musica espectacular y Nika nos ha brindado un servicio excelente..","Pub, Gastropub, Bar, Comida r√°pida"
El Mono Bandido,Chimba,Fecha de la visita: julio de 2019,50,"Nikka me atendi√≥, y fue la mejor experiencia de cervezas que he tenido en mucho tiempo.‚Äôgracias Mono Bandido por una gran experiencia !!","Pub, Gastropub, Bar, Comida r√°pida"
El Mono Bandido,Felicitaciones,Fecha de la visita: julio de 2019,50,Excelente atenci√≥n ... lo mejor ... ambiente ... atenci√≥n y tranquilidad !!! S√∫per recomendado ... Jameson buen Whiskey!!! Gracias a Angie Bohorquez..la mejor !!!,"Pub, Gastropub, Bar, Comida r√°pida"
El Mono Bandido,Mejor bar para beber,Fecha de la visita: julio de 2019,50,Es un bar encantador que con Luna gana mucho. No dudes en tomarte una cerveza un jueves. Las servilletas tienen truco.,"Pub, Gastropub, Bar, Comida r√°pida"
El Mono Bandido,Muy bueno!,Fecha de la visita: julio de 2019,50,"Delicioso, divertido, buen ambiente, buena m√∫sica, buena atenci√≥n y la hamburguesa es deliciosa!!! De cumplea√±os te regalan un delicioso tequila!!!","Pub, Gastropub, Bar, Comida r√°pida"
El Mono Bandido,Cumple,Fecha de la visita: julio de 2019,50,"Me encant√≥ el sitio, excelente atenci√≥n, buena m√∫sica,buena comida decoraci√≥n acogedora men√∫ de bebidas y comida variados","Pub, Gastropub, Bar, Comida r√°pida"
El Mono Bandido,Excelente sitio,Fecha de la visita: julio de 2019,50,Mono Bandido de la 93 la mejor atencion del host y los meseros! recomendado para volver siempre.....,"Pub, Gastropub, Bar, Comida r√°pida"
El Mono Bandido,Gran Lugar,Fecha de la visita: julio de 2019,50,"Buena m√∫sica, la comida deliciosa y buenos cocteles! 100% recomendado! C√≥ctel recomendando gin and t√≥nic de frutos rojos","Pub, Gastropub, Bar, Comida r√°pida"
El Mono Bandido,Gran Sitio,Fecha de la visita: junio de 2019,50,"Que buen sitio para estar con amigos y tomar unos buenos Gin! Buenos precios, buen ambiente y muy lindo bar.","Pub, Gastropub, Bar, Comida r√°pida"
El Mono Bandido,Cerveza √∫nica!!,Fecha de la visita: junio de 2019,50,"La atenci√≥n fue excelente y la comida deliciosa. La cerveza super recomendada, prob√© la Brown Ale y me gust√≥ 100%","Pub, Gastropub, Bar, Comida r√°pida"
El Mono Bandido,El mejor lugar para ver el partido de Colombia!,Fecha de la visita: junio de 2019,50,"Excelente sitio para ver el partido y relajarse tomando una cerveza con amigos. Ponen una pantalla grande,buen sonido, m√∫sica y atenci√≥n. 100% recomendado.","Pub, Gastropub, Bar, Comida r√°pida"
El Mono Bandido,EXCELENTE LUGAR PARA TOMAR CERVEZA,Fecha de la visita: junio de 2019,50,"Es un perfecto ambiente para tomar con amigos, tienen m√∫sica incre√≠ble y s√∫per gentiles todos. Vine a celebrar mi cumplea√±os, y fueron s√∫per atentos con todos","Pub, Gastropub, Bar, Comida r√°pida"
El Mono Bandido,El mejor bar de la 93!,Fecha de la visita: junio de 2019,50,La atenci√≥n es excelente y tienen muy buena cerveza. Recomendad√≠simo para cumplea√±os y cualquier tipo de reuni√≥n.,"Pub, Gastropub, Bar, Comida r√°pida"
El Mono Bandido,Se√±or,Fecha de la visita: junio de 2019,50,"Los cracks de los cracks; en especial, Blanca. El ambiente me pareci√≥ s√∫per c√°lido. Volver√≠a todos los d√≠as!!!","Pub, Gastropub, Bar, Comida r√°pida"
El Mono Bandido,Domingo en la noche,Fecha de la visita: junio de 2019,50,"Buen ambiente, tragos y comida muy ricos, atendidos por mica quien presta servicio, super recomendado","Pub, Gastropub, Bar, Comida r√°pida"
El Mono Bandido,Recomendado!,Fecha de la visita: junio de 2019,50,Muy buen ambiente para venir a tomar una cerveza y pasar un rato agradable con amigos o en pareja! Muy recomendado!,"Pub, Gastropub, Bar, Comida r√°pida"
El Mono Bandido,Excelente plan!,Fecha de la visita: mayo de 2019,50,"Me encanto el ambiente, la m√∫sica y la comida!!! los mejores mojitos! Adem√°s la atenci√≥n fue excelente! Volver√©!!!","Pub, Gastropub, Bar, Comida r√°pida"
El Mono Bandido,Ideal para compartir con amigos,Fecha de la visita: mayo de 2019,50,"La m√∫sica es genial, el personal es super amable y los c√≥cteles buen√≠simos. Definitivamente recomendado!","Pub, Gastropub, Bar, Comida r√°pida"
El Mono Bandido,Genial!,Fecha de la visita: mayo de 2019,50,"Un lugar genial para compartir con tus amigos,buena musica excelente servicio.. #recomendo #sepasamuybien","Pub, Gastropub, Bar, Comida r√°pida"
El Mono Bandido,El mejor lugar,Fecha de la visita: mayo de 2019,50,"Excelente servicio, buenos precios y un ambiente muy divertido para compartir con amigos. Es un lugar muy agradable, que deben conocer!!","Pub, Gastropub, Bar, Comida r√°pida"
El Mono Bandido,muy buen lugar,Fecha de la visita: mayo de 2019,50,La pasamos super muy buen sitio y buena cerveza disfrutamos de buenas conversaciones y exclenete atenci√≥n en compa√±ia de buena musica,"Pub, Gastropub, Bar, Comida r√°pida"
El Mono Bandido,Gran sitio,Fecha de la visita: mayo de 2019,50,"La comida y la cerveza deliciosas, el ambiente me encant√≥ y la atenci√≥n es excelente, totalmente recomendado!!","Pub, Gastropub, Bar, Comida r√°pida"
El Mono Bandido,Hamburguesa,Fecha de la visita: abril de 2019,50,"La comida es s√∫per rica, la atenci√≥n es r√°pida y el precio es el indicado . Me encant√≥ la hamburguesa","Pub, Gastropub, Bar, Comida r√°pida"
El Mono Bandido,Burguer master,Fecha de la visita: abril de 2019,50,"Excelente lugar, muy bien atendido y la comida estuvo deliciosa, plan recomendado para un momento de despache es venir y tomar una buena cerveza en este lugar. La m√∫sica hace mejor la experiencia","Pub, Gastropub, Bar, Comida r√°pida"
El Mono Bandido,Master Burger,Fecha de la visita: abril de 2019,50,"Muy buena hamburguesa, excelente ambiente! Fuimos super bien atendidos por las meseras del lugar. Una de las mejores hamburguesas del m√°ster","Pub, Gastropub, Bar, Comida r√°pida"
El Mono Bandido,Deli Hamburguesa!!!,Fecha de la visita: abril de 2019,50,"#El mono bandido, deliciosas hamburguesas,buen servicio, lugar acogedor tanto con amigos como con familia!!!","Pub, Gastropub, Bar, Comida r√°pida"
El Mono Bandido,Burger Master,Fecha de la visita: abril de 2019,50,Excelente servicio. La hamburguesa ü§§ una de las mejores en Bogot√° y la cerveza complementa de la mejor manera.,"Pub, Gastropub, Bar, Comida r√°pida"
El Mono Bandido,Burguer m√°ster,Fecha de la visita: abril de 2019,50,"Me encant√≥ el servicio, el establecimiento y la hamburguesa. Por otro lado la chica que nos atendi√≥ se mostr√≥ muy cordial.","Pub, Gastropub, Bar, Comida r√°pida"
El Mono Bandido,La mejor hamburguesa,Fecha de la visita: abril de 2019,50,"Muy buena la hamburguesa y muy buen ambiente en el sitio, el servicio perfecto y una perfecta ubicacion para llegar fijo al lugar","Pub, Gastropub, Bar, Comida r√°pida"
El Mono Bandido,Super,Fecha de la visita: abril de 2019,50,"El lugar super acogedor atenci√≥n de 10 y comida super rica, recomend√≥ al 100% adem√°s muy original, el mono me parece monismo mola mogoll√≥n.","Pub, Gastropub, Bar, Comida r√°pida"
El Mono Bandido,Excelente servicio y buena cerveza.,Fecha de la visita: abril de 2019,50,Muy buena la atenci√≥n en el sitio. La cerveza y comida muy buenas. Sitio recomendado con musica chevere.,"Pub, Gastropub, Bar, Comida r√°pida"
El Mono Bandido,Incre√≠ble!!!,Fecha de la visita: abril de 2019,50,Est√° buen√≠simo el sitio!!! Est√° abierto todos los d√≠as!!!! La m√∫sica es genial! Volver√© seguramente!!!,"Pub, Gastropub, Bar, Comida r√°pida"
El Mono Bandido,Para repetir,Fecha de la visita: abril de 2019,50,Buenas cervezas artesanales y lugar muy agradable. Una visita muy recomendable para pasar un rato divertido con musica en un local ch√©vere.,"Pub, Gastropub, Bar, Comida r√°pida"
El Mono Bandido,Celebraci√≥n con amigos,Fecha de la visita: marzo de 2019,50,"Linda decoraci√≥n, muy agradable , buena m√∫sica y deliciosa cerveza. Volveremos a disfrutar de todo su bien servicio y rica comida","Pub, Gastropub, Bar, Comida r√°pida"
El Mono Bandido,Domingos!!,Fecha de la visita: abril de 2019,50,"La mejor energ√≠a, un ambiente relajado y la mejor atenci√≥n ni hablar de la musica y la comida en el tiempo perfecto üëå","Pub, Gastropub, Bar, Comida r√°pida"
El Mono Bandido,Muy bueno,Fecha de la visita: marzo de 2019,50,Fuimos en un after de trabajo y el lugar realmente est√° muy bueno. La comida estaba buena para picar y la bebida del mono genial.,"Pub, Gastropub, Bar, Comida r√°pida"
El Mono Bandido,Excelente!!,Fecha de la visita: marzo de 2019,50,"La mejor atenci√≥n que se pueda encontrar al norte de Bogot√°, muy recomendado!! En atenci√≥nn elmpersonal muy amable","Pub, Gastropub, Bar, Comida r√°pida"
El Mono Bandido,Food and beer and fun,Fecha de la visita: marzo de 2019,50,"Excelente lugar para comer beber y pasar el rato, la hamburguesa espectacular la cerveza tambi√©n. Recomendable","Pub, Gastropub, Bar, Comida r√°pida"
El Mono Bandido,Mejor servicio,Fecha de la visita: marzo de 2019,50,"Es un lugar diferente a los que hay en Bogot√°, la m√∫sica y el servicio hacen que la experiencia valga la pena. Muy recomendado para venir con amigos y solo tambi√©n, pregunten por las servilletas.","Pub, Gastropub, Bar, Comida r√°pida"
El Mono Bandido,Buen ambiente,Fecha de la visita: marzo de 2019,50,"Excelente ambiente, servicio y lugar para pasar un buen rato. Puede que toque esperar unos minutos para entrar, pero en minutos encontrar√° una mesa.","Pub, Gastropub, Bar, Comida r√°pida"
El Mono Bandido,maravilloso,Fecha de la visita: marzo de 2019,50,"Todo muy bueno, desde que llegue me saludaron super bien, me hicieron sentir como se viniera todos los dias, el sitio fue muy acogedor destaco mucho el servicio","Pub, Gastropub, Bar, Comida r√°pida"
El Mono Bandido,Muy lindo lugar,Fecha de la visita: marzo de 2019,50,"Todo muy lindo, muy rica la cerveza y muy buena la atenci√≥n, buena m√∫sica, volveremos, recomiendo la cerveza negra","Pub, Gastropub, Bar, Comida r√°pida"
El Mono Bandido,¬°Muy recomendado!,Fecha de la visita: febrero de 2019,50,"S√∫per el ambiente, el servicio es excelente. Gran sitio para relajarse luego de una semana de trabajo.","Pub, Gastropub, Bar, Comida r√°pida"
El Mono Bandido,Excelente comida,Fecha de la visita: febrero de 2019,50,"Muy buen servicio, comida y ambiente, todo estuvo r√°pido y las instalaciones muy buenas. Vena m√∫sica.","Pub, Gastropub, Bar, Comida r√°pida"
El Mono Bandido,Friends,Fecha de la visita: febrero de 2019,50,"Su buen servicio, tem√°tica presentada es muy acogedora para cualquier persona qu3 desde visitar el lugar","Pub, Gastropub, Bar, Comida r√°pida"
El Mono Bandido,El mono 93,Fecha de la visita: febrero de 2019,50,"S√∫per buena atenci√≥n, cerveza, comidas, meseros y precios! La mejor cervecer√≠a de Bogot√°! Demasiado chevere el lugar y muy buen ambiente!","Pub, Gastropub, Bar, Comida r√°pida"
El Mono Bandido,El mono 93,Fecha de la visita: febrero de 2019,50,Estuve el s√°bado 2 de febrero en el mono con mis amigos y tomando la mejor Pola de Bogot√°! Los meseros son unos bacanes! La administradora y la cajera nos atendieron en la mesa y nos respondieron la servilleta,"Pub, Gastropub, Bar, Comida r√°pida"
El Mono Bandido,Buena atencion,Fecha de la visita: febrero de 2019,50,"Muy buenos barmans, excelente sevicio la comida es deliciosa , lo.recomiendo.para ir con.amigos y pasar un buen rato","Pub, Gastropub, Bar, Comida r√°pida"
El Mono Bandido,Super Recomendado,Fecha de la visita: enero de 2019,50,"Excelente servicio!! Super el servicio, y el lugar es super comodo, recomendado si los atiende Luna es increible!","Pub, Gastropub, Bar, Comida r√°pida"
El Mono Bandido,Buen sitio para ir por unos tragos,Fecha de la visita: enero de 2019,50,"El sitio tiene buen ambiente y m√∫sica, las cervezas que tienen disponibles son de buena calidad. En general precios adecuados para la zona y pasar un buen rato con amigos.","Pub, Gastropub, Bar, Comida r√°pida"
El Mono Bandido,Un lugar agradable para tomar cerveza,Fecha de la visita: octubre de 2018,40,Tiene un ambiente agradable y tal vez lo mejor es que se puede conversar cuando se toma una cerveza. Tiene precios c√≥modos y se puede acompa√±ar la cerveza con peque√±os snacks. Recomendable para ir en pareja o con amigos.,"Pub, Gastropub, Bar, Comida r√°pida"
El Mono Bandido,Buen sitio para ir con los amigos,Fecha de la visita: diciembre de 2018,40,"Fuimos anoche con mis amigos y nos llevamos una buena impresi√≥n en todo sentido, la atenci√≥n muy buena, nos atendieron y sirvieron todo muy rico. La cerveza normal pero la comida muy rica.","Pub, Gastropub, Bar, Comida r√°pida"
El Mono Bandido,Excelente,Fecha de la visita: noviembre de 2018,50,"Amo este sitio, la verdad es una experiencia muy buena de probar, las meseras muy lindas y te atienden muy bien","Pub, Gastropub, Bar, Comida r√°pida"
El Mono Bandido,Excelente lugar,Fecha de la visita: noviembre de 2018,50,Me encantoo!! Excelente atenci√≥n del personal... lo recomendaria y volveria mil veces maas! Super recomendado,"Pub, Gastropub, Bar, Comida r√°pida"
El Mono Bandido,Excelente,Fecha de la visita: noviembre de 2018,50,"Esta genial, el ambiente y el concepto son geniales. La cerveza es muy rica y la comida tambien, a un precio muy razonable.","Pub, Gastropub, Bar, Comida r√°pida"
El Mono Bandido,Tardeada,Fecha de la visita: noviembre de 2018,50,"Muy buen ambiente y cerveza. El Personal es muy atento!!! Pd: las servilletas son un hitttt, muy buena iniciativa","Pub, Gastropub, Bar, Comida r√°pida"
El Mono Bandido,Buen Lugar,Fecha de la visita: noviembre de 2018,50,Es un lugar bastante agradable para compartir con los amigos. La comida es muy rica y el sabor de la cerveza es muy buena.,"Pub, Gastropub, Bar, Comida r√°pida"
El Mono Bandido,Buen lugar,Fecha de la visita: noviembre de 2018,50,Es un gran sitio para tomar cerveza y pasar un gran rato. Lo recomiendo mucho para un plan de amigos,"Pub, Gastropub, Bar, Comida r√°pida"
El Mono Bandido,Cerveza y buena m√∫sica,Fecha de la visita: noviembre de 2018,50,"Buena m√∫sica, buenas cervezas, buen sitio, buena comida! El sitio pega para todo tipo de plan, aguanta mucho!","Pub, Gastropub, Bar, Comida r√°pida"
El Mono Bandido,Buen ambiente y buenos tragos,Fecha de la visita: noviembre de 2018,50,Excelente lugar para conocer el ambiente nocturno de Bogot√°. Perfecto para noche de chicas o para un plan en pareja.,"Pub, Gastropub, Bar, Comida r√°pida"
El Mono Bandido,Magn√≠fico lugar,Fecha de la visita: noviembre de 2018,50,"Muy buena m√∫sica, buen servicio y deliciosa la cerveza. El juego de servilletas fue muy interesante! Genial, gracias por todo","Pub, Gastropub, Bar, Comida r√°pida"
El Mono Bandido,Mono Bandido Bogot√°,Fecha de la visita: noviembre de 2018,50,"Si buscan un buen bar, con buen ambiente, buena m√∫sica y buenos tragos, el Mono Bandido lo tiene todo! Recomendad√≠simo!","Pub, Gastropub, Bar, Comida r√°pida"
El Mono Bandido,Muy buena cerveza artesanal,Fecha de la visita: noviembre de 2018,50,Si quieren un sitio para parchar con los amigos y tomarse unas buenas cervezas tienen que venir al mono bandido! Muy bueno!,"Pub, Gastropub, Bar, Comida r√°pida"
El Mono Bandido,ElMejor lugar,Fecha de la visita: noviembre de 2018,50,"La cerveza, la m√∫sica y la atenci√≥n son lo mejor.... uno se siente como en la casa, est√°n pendientes siempre de los clientes","Pub, Gastropub, Bar, Comida r√°pida"
El Mono Bandido,Lo mejor,Fecha de la visita: noviembre de 2018,50,La mejor birra de bogota los esperamos para vivir la mejor experiencia en bogota. Son lo mejor no dudar√≠a en volver,"Pub, Gastropub, Bar, Comida r√°pida"
El Mono Bandido,Muy buen sitio,Fecha de la visita: noviembre de 2018,50,"Excelente cerveza!!! Muy buena musica, el ambiente ideal para estar con amigos y pasar un rato agradable","Pub, Gastropub, Bar, Comida r√°pida"
El Mono Bandido,Excelente espaxio,Fecha de la visita: noviembre de 2018,50,"Es un lugar muy agradable, un sitio espectacular y c√°lido para tomar unas cervezas y comer delicioso!","Pub, Gastropub, Bar, Comida r√°pida"
El Mono Bandido,¬°Espectacular!,Fecha de la visita: noviembre de 2018,50,"Que excelente bar! Es un buen lugar para divertirse, comer rico, pasarla bien, y la cerveza... 20 de 10! Lo recomiendo mucho.","Pub, Gastropub, Bar, Comida r√°pida"
El Mono Bandido,Recomendaci√≥n,Fecha de la visita: noviembre de 2018,50,"Muy buen lugar ! Excelente para ir a comer algo y pasar un buen tiempo con amigos, parchar Y pasar un buen rato","Pub, Gastropub, Bar, Comida r√°pida"
El Mono Bandido,Buen lugar para tomar a cerveza con amigos,Fecha de la visita: noviembre de 2018,50,Muy buena cerveza artesanal. Muy buen ambiente y decoraci√≥n. La comida deliciosa y muy buenos precios. El mejor lugar de la 93 para ir con amigos,"Pub, Gastropub, Bar, Comida r√°pida"
El Mono Bandido,Cumple forever 21,Fecha de la visita: noviembre de 2018,50,"El lugar es lo m√°ximo en Bogot√°, celebramos mi cumple y no se puede pedir nada m√°s !! El lugar, la comida, la atenci√≥n, excelente!","Pub, Gastropub, Bar, Comida r√°pida"
El Mono Bandido,El mejor pub de bogota !,Fecha de la visita: noviembre de 2018,50,"Nuevo ambiente, excelentes espacios, la mejor cerveza artesanal en una zona muy viva. El mono es lo mejor que le pudo pasar al parque de la 93!!!","Pub, Gastropub, Bar, Comida r√°pida"
El Mono Bandido,Un bar muy chevere con el mejor servicio de la 93,Fecha de la visita: noviembre de 2018,50,Guimos a celebrar un cunplea√±os y la pasamos deliii!! Gracias a un ambiente re chevere y al servicio excepcional de Bianca y Stefania!! Se le recomend√≥!!!,"Pub, Gastropub, Bar, Comida r√°pida"
El Mono Bandido,Bar magistral,Fecha de la visita: noviembre de 2018,50,"Excelente lugar, para pasar con amigos, en pareja y en familia. La atenci√≥n es magn√≠fica, en especial por Tefy y Blanca. El lugar es super recomendado. Si quieren pasarla bien, re√≠r o ligar vengan al mono bandido en la 93!","Pub, Gastropub, Bar, Comida r√°pida"
El Mono Bandido,Festejamos un nuevo inicio,Fecha de la visita: noviembre de 2018,50,"Excelente lugar donde pasar un rato ameno con 3 amigas. Cerveza a buen precio y buena comida. El ambiente es lo mejor, pueden entretenerse con buena musica j√≥venes y adultos. Recomiendo este lugar para fiestas y buenos ratos!!!","Pub, Gastropub, Bar, Comida r√°pida"
El Mono Bandido,Gracias por la atenci√≥n,Fecha de la visita: noviembre de 2018,50,"Me encanto El lugar es muy acogedor, la atenci√≥n excelente servicio de Estefany volver√© gracias gracias que lindo cumplea√±os pase","Pub, Gastropub, Bar, Comida r√°pida"
El Mono Bandido,Excelenteüíü,Fecha de la visita: octubre de 2018,50,"Fui con mis amigas y me pareci√≥ una experiencia muy agradable, la cerveza y c√≥moda deliciosa, volver√≠a una y muchas m√°s, el servicio lo mejor queda encantada. Volver√© pronto","Pub, Gastropub, Bar, Comida r√°pida"
El Mono Bandido,exelente!!!,Fecha de la visita: octubre de 2018,50,"fuimos a ver un partido con mis amigos y resultamos quedandonos mas de lo esperado gracias a su buen servicio, super felices.","Pub, Gastropub, Bar, Comida r√°pida"
El Mono Bandido,Excelente,Fecha de la visita: octubre de 2018,50,"Es un lugar muy bonito, agradable, la comida es espectacular, una excelente atenci√≥n al cliente, es un lugar perfecto para una buena comida y una deliciosa cerveza.","Pub, Gastropub, Bar, Comida r√°pida"
El Mono Bandido,Excelente experiencia,Fecha de la visita: octubre de 2018,50,"Desde el momento que entramos una gran atenci√≥n, me fascin√≥ la comida y los c√≥cteles, es uno de mis favoritos.","Pub, Gastropub, Bar, Comida r√°pida"
El Mono Bandido,Excelente,Fecha de la visita: octubre de 2018,50,Muy buen sitio. Buena cerveza artesanal y muy buena atenci√≥n. Buen ambiente buena m√∫sica lo recomiendo,"Pub, Gastropub, Bar, Comida r√°pida"
El Mono Bandido,Buena M√∫sica !!,Fecha de la visita: octubre de 2018,50,"Muy buena selecci√≥n musical, buen ambiente, buena iluminaci√≥n, precios moderados, cerveza adecuada; mejorar las sillas. Servicio muy amable.","Pub, Gastropub, Bar, Comida r√°pida"
El Mono Bandido,Buen ambiente,Fecha de la visita: octubre de 2018,50,"Es un lugar que permite tener un buen momento con amigos, se especializa en cervezas y la comida es deliciosa. La atenci√≥n es un aspecto a resaltar y la buena m√∫sica dan una buena atm√≥sfera","Pub, Gastropub, Bar, Comida r√°pida"
El Mono Bandido,Excelente,Fecha de la visita: octubre de 2018,50,"Excelente servicio, muy agradable el ambiente, variedad de cervezas, buenos appetizers, muy recomendado para despues del trabajo, buens musica Recomendado","Pub, Gastropub, Bar, Comida r√°pida"
El Mono Bandido,Excelente,Fecha de la visita: septiembre de 2018,50,Me encant√≥ el estilo del sitio. La cerveza y la comida riqu√≠simas y la atenci√≥n incre√≠ble. Lo recomiendo 100%.,"Pub, Gastropub, Bar, Comida r√°pida"
El Mono Bandido,Excelente,Fecha de la visita: septiembre de 2018,50,"Un lugar estupendo! Una decoraci√≥n incre√≠ble. Excelente el servicio y atenci√≥n de los meseros, las cervezas de la casa muy buenas! Muy recomendado para un plan de amigos.","Pub, Gastropub, Bar, Comida r√°pida"
El Mono Bandido,Recomendad√≠simo!!,Fecha de la visita: septiembre de 2018,50,"Es un lugar muy agradable y diferente, hay variedad de ambientes con un buen dise√±o, la comida y la cerveza son muy buenas y la atenci√≥n incre√≠ble. Excelente experiencia, para repetir!","Pub, Gastropub, Bar, Comida r√°pida"
Tamarine Asian Cuisine,"Buena comida, excelente atenci√≥n,",Fecha de la visita: noviembre de 2019,40,"Buena comida, excelente atenci√≥n, buenos precios y buen ambiente, repetir√≠a sin dudarlo, recomiendo el ceviche","Apto para vegetarianos, Opciones veganas, Opciones sin gluten"
Tamarine Asian Cuisine,El mejor,Fecha de la visita: septiembre de 2019,50,"Un lugar muy especial, la comida deliciosa, y un excelente servicio brindado por G√©nesis. Lo recomiendo","Apto para vegetarianos, Opciones veganas, Opciones sin gluten"
Tamarine Asian Cuisine,Excelente,Fecha de la visita: septiembre de 2019,50,Muy buen sitio. Me gusta la variedad de opciones para elegir. La comida es muy buena y excelente servicio.,"Apto para vegetarianos, Opciones veganas, Opciones sin gluten"
Tamarine Asian Cuisine,Excelente celebraci√≥n,Fecha de la visita: agosto de 2019,50,Muy agradable en lo personal me encanto el sitio y su atenci√≥n Ronald nos atendi√≥ de una manera agradable. Quedamos satisfechas y dispuestas para regresar.,"Apto para vegetarianos, Opciones veganas, Opciones sin gluten"
Tamarine Asian Cuisine,El servicio y la comida estuvieron incre√≠bles,Fecha de la visita: agosto de 2019,50,Desde que llegamos la atenci√≥n fue muy buena. G√©nesis nos recomend√≥ muy buenos platos. Sin duda volveremos a este lugar. S√∫per recomendado el pad thai de langosta,"Apto para vegetarianos, Opciones veganas, Opciones sin gluten"
Tamarine Asian Cuisine,Super√≥ mis expectativas.,Fecha de la visita: agosto de 2019,50,"Sitio encantador. Servicio excelente, Genesis la persona que nos atendi√≥ muy cordial amable y atenta. Los platos deliciosos. Los recomiendo una y otra vez. :)","Apto para vegetarianos, Opciones veganas, Opciones sin gluten"
Tamarine Asian Cuisine,Excelente,Fecha de la visita: agosto de 2019,50,Maravillosa experiencia nos encanto. La comida es deliciosa y la atenci√≥n estupenda definitivamente recomendado este restaurante,"Apto para vegetarianos, Opciones veganas, Opciones sin gluten"
Tamarine Asian Cuisine,Espectacular,Fecha de la visita: agosto de 2019,50,El ambiente y la comida son la mezcla perfecta para pasar una tarde muy agradable. Felicitaciones. Tienen un servicio excepcional y la presentaci√≥n de la comida y bebidas est√° perfecto,"Apto para vegetarianos, Opciones veganas, Opciones sin gluten"
Tamarine Asian Cuisine,Muy rico,Fecha de la visita: agosto de 2019,50,"Estuvimos en una cena de pareja despu√©s de una visita al spa en el mismo hotel; nos atendi√≥ G√©nesis su atenci√≥n fue inmejorable. El ambiente del lugar es muy tranquilo, agradable, buena m√∫sica, y la comida deliciosa, sin duda regresaremos.","Apto para vegetarianos, Opciones veganas, Opciones sin gluten"
Tamarine Asian Cuisine,Calidad y servicio,Fecha de la visita: agosto de 2019,50,"Calidad excelente y la atenci√≥n muy buena, excelente relaci√≥n calidad precio. Muy ricos los platos, el ambiente y la m√∫sica","Apto para vegetarianos, Opciones veganas, Opciones sin gluten"
Tamarine Asian Cuisine,Una experiencia agradable,Fecha de la visita: julio de 2019,50,"Una persona muy agradable y excelente en el servicio, muy recomendado, muchas gracias por toda la atencion.","Apto para vegetarianos, Opciones veganas, Opciones sin gluten"
Tamarine Asian Cuisine,Servicio,Fecha de la visita: julio de 2019,50,"Excelente servicio, excelente comida.....todo muy bien. Recomendado para una tarde con amigos y un buen caf√©.","Apto para vegetarianos, Opciones veganas, Opciones sin gluten"
Tamarine Asian Cuisine,Los sentidos en armon√≠a...,Fecha de la visita: julio de 2019,50,"Toda la decoraci√≥n y la ambientaci√≥n espectacular, la comida deliciosa y bien presentada con una atenci√≥n insuperable...100% recomendado para quienes quieran algo diferente en pareja o familiar, con estilo y comida deliciosa","Apto para vegetarianos, Opciones veganas, Opciones sin gluten"
Tamarine Asian Cuisine,Excelente comida y servicio,Fecha de la visita: julio de 2019,50,La comida es muy variada y el servicio es muy bueno. Las personas siempre est√°n disponibles para cualquier inquietud.,"Apto para vegetarianos, Opciones veganas, Opciones sin gluten"
Tamarine Asian Cuisine,Buen brunch,Fecha de la visita: julio de 2019,40,"Excelente opci√≥n para un brunch con mimosas y gin tonics ilimitadas! Tienes dos opciones de comida asiatica y americana; adem√°s una rica parrilla al aire libre, postres y frutas","Apto para vegetarianos, Opciones veganas, Opciones sin gluten"
Tamarine Asian Cuisine,Agradable,Fecha de la visita: julio de 2019,50,Celebre un cumplea√±os y todo fue espectacular la atenci√≥n de los meseros muy buena vale la pena resaltar esta labor,"Apto para vegetarianos, Opciones veganas, Opciones sin gluten"
Tamarine Asian Cuisine,Delicioso!,Fecha de la visita: julio de 2019,50,"La comida estaba muy rica, el servicio excelente y el ambiente del restaurante perfecto para una buena conversaci√≥n.","Apto para vegetarianos, Opciones veganas, Opciones sin gluten"
Tamarine Asian Cuisine,Excelente lugar.,Fecha de la visita: julio de 2019,50,"Agradecemos a este restaurante por su atenci√≥n en la celebraci√≥n de nuestro aniversario, su comida, atenci√≥n y sus instalaciones son de excelente calidad. Recomendamos este lugar por su gran servicio.","Apto para vegetarianos, Opciones veganas, Opciones sin gluten"
Tamarine Asian Cuisine,Deliciosa cena!,Fecha de la visita: julio de 2019,50,"Excelente lugar, comida y servicio. De ambiente agradable y tranquilo, digno de compartir en pareja y/o amigos, Recomendadisimo!","Apto para vegetarianos, Opciones veganas, Opciones sin gluten"
Tamarine Asian Cuisine,Delicioso!,Fecha de la visita: julio de 2019,50,Excelente en todos los √°mbitos. Sabores √∫nicos. Atenci√≥n perfecta. Buenos tiempos. Gran ambiente para compartir. Muy buena m√∫sica.,"Apto para vegetarianos, Opciones veganas, Opciones sin gluten"
Tamarine Asian Cuisine,Muy buen servicio excelente atenci√≥n,Fecha de la visita: julio de 2019,50,"Excelente servicio, de calidad garantizada,con un excelente ambiente, le doy 5 estrellas. Ronald nos prest√≥ de su muy buena atenci√≥n","Apto para vegetarianos, Opciones veganas, Opciones sin gluten"
Tamarine Asian Cuisine,Despedida 100% recomendado,Fecha de la visita: julio de 2019,50,"Excelente restaurante, la comida y postres son espectaculares con una mezcla de sabores exquisitos, la atenci√≥n me dejo sin palabras muy atentos nuestro anfitri√≥n Ronnald gracias por ser tan cordial y tener un gesto tan bonito hacia nosotros. Agradecida","Apto para vegetarianos, Opciones veganas, Opciones sin gluten"
Tamarine Asian Cuisine,Muy buen servici√≥,Fecha de la visita: julio de 2019,50,"Gran atenci√≥n, comida deliciosa un poco demorada pero vale la pena, las entradas son deliciosas, una noche inolvidable. La atenci√≥n por parte del se√±or Hanz es excelente.","Apto para vegetarianos, Opciones veganas, Opciones sin gluten"
Tamarine Asian Cuisine,Excelente servicio,Fecha de la visita: julio de 2019,50,"La comida deliciosa , buenas porciones excelente servicio de parte de Paola. Buen ambiente y buena m√∫sica","Apto para vegetarianos, Opciones veganas, Opciones sin gluten"
Tamarine Asian Cuisine,Muy buen servicio,Fecha de la visita: julio de 2019,50,Hanz me atendi√≥ e hizo de esta experiencia mejor de lo que ya es. M√°s de 5 estrellas por el y el sitio,"Apto para vegetarianos, Opciones veganas, Opciones sin gluten"
Tamarine Asian Cuisine,Muy rico para los que les guste la comida asi√°tica,Fecha de la visita: julio de 2019,50,"Excelente servicio, muy amables y muy pendientes. El sitio muy lindo y agradable. La comida a nosotros no fue de nuestro agrado porque es muy condimentada pero para la gente que le gusta la comida asi√°tica les va a facinar","Apto para vegetarianos, Opciones veganas, Opciones sin gluten"
Tamarine Asian Cuisine,"Excelente, buena atenci√≥n",Fecha de la visita: julio de 2019,50,"Excelente servicio, comida, instalaciones , muy recomendado,""excelente postre de cumplea√±os . Recomandado","Apto para vegetarianos, Opciones veganas, Opciones sin gluten"
Tamarine Asian Cuisine,Buen servicio !,Fecha de la visita: julio de 2019,50,"Buen lugar, buena m√∫sica, buena comida y buena atenci√≥n, el como completo! El ambiente es agradable, si buscan algo ""callado"" este no es el lugar, la m√∫sica es alta en la noche, para nosotros fue perfecto.","Apto para vegetarianos, Opciones veganas, Opciones sin gluten"
Tamarine Asian Cuisine,Tdeliciosa comida y muy buen servicio,Fecha de la visita: julio de 2019,50,"La comida es fabulosa, el servicio es muy atento y r√°pido. El lugar es muy bonito, buena m√∫sica. Muy chevere para pasar un buen rato en pareja","Apto para vegetarianos, Opciones veganas, Opciones sin gluten"
Tamarine Asian Cuisine,Amabilidad y Buena Atencion,Fecha de la visita: julio de 2019,40,"Fuimos en la noche, el personal es muy amable, atento y nos hicieron sentir muy bien; el lugar es lindo y c√≥modo aunque un poco fr√≠o. La comida es rica, sin embargo el sushi no estaba tan fresco.","Apto para vegetarianos, Opciones veganas, Opciones sin gluten"
Tamarine Asian Cuisine,Esta primera vez me obliga a regresar,Fecha de la visita: julio de 2019,50,"Nos gust√≥ mucho el ambiente, muy acogedor y elegante. La comida muy buena, y sin duda un lugar para venir a disfrutar con amigos, en pareja o familia.","Apto para vegetarianos, Opciones veganas, Opciones sin gluten"
Tamarine Asian Cuisine,Recomendado,Fecha de la visita: julio de 2019,50,Brunch incre√≠ble y el personal inmejorable¬° Por el costo vale la pena acercarse a conocerlos. Lo mejor es que es un Brunch compartido con The Market,"Apto para vegetarianos, Opciones veganas, Opciones sin gluten"
Tamarine Asian Cuisine,Deliciosa comida,Fecha de la visita: junio de 2019,50,Buen precio y porciones apropiadas con buen sabor. Excelente atenci√≥n. Un lugar agradable para compartir con la pareja.,"Apto para vegetarianos, Opciones veganas, Opciones sin gluten"
Tamarine Asian Cuisine,Excelente lugar para ir con los amigos,Fecha de la visita: junio de 2019,40,"Un lugar muy agradable para comer, charlar y reencontrarse con los amigos. Comida deliciosa y excelente atenci√≥n","Apto para vegetarianos, Opciones veganas, Opciones sin gluten"
Tamarine Asian Cuisine,UNA DELICIA!!!!,Fecha de la visita: abril de 2019,50,"El sitio es hermoso, la comida deliciosa, y ni qu√© hablar de la atenci√≥n, el mejor servicio que hemos tenido en a√±os, volver√≠a mil veces.","Apto para vegetarianos, Opciones veganas, Opciones sin gluten"
Tamarine Asian Cuisine,Celebraci√≥n aniversario,Fecha de la visita: marzo de 2019,50,"La comida es deliciosa, excelente atenci√≥n muy buenas sugerencias del men√∫ por parte de Ronald y ponen muy buena m√∫sica para ambientar","Apto para vegetarianos, Opciones veganas, Opciones sin gluten"
Tamarine Asian Cuisine,Excelente experiencia,Fecha de la visita: enero de 2019,50,"Muy buena comida y servicio, recomedado!! Fuimos muy bien atendidos por Carlos Diaz, estamos muy agradecidos, nos hicieron sentir super!","Apto para vegetarianos, Opciones veganas, Opciones sin gluten"
Tamarine Asian Cuisine,Buen servicio,Fecha de la visita: enero de 2019,40,"Muy buen servicio, platos interesantes. Cochinillo delicioso as√≠ como el postre de banano y frutos rojos. Restaurante elegante con buena atm√≥sfera,","Apto para vegetarianos, Opciones veganas, Opciones sin gluten"
Tamarine Asian Cuisine,Excelente atenci√≥n,Fecha de la visita: diciembre de 2018,40,"La comida estuvo muy buena, lost meseros siempre estancia atentos y el ambiente Es muy agradable. Now atendio Rochy y fue muy querida. Totalmente recomendado.","Apto para vegetarianos, Opciones veganas, Opciones sin gluten"
Tamarine Asian Cuisine,Muy rico y buen ambiente,Fecha de la visita: agosto de 2018,50,La comida muy rica y el ambiente es muy acogedor. El servicio es muy bueno desde que se ingresa al restaurante. El sushi es muy sabroso. Y el chef muy atento al salir a saludarnos.,"Apto para vegetarianos, Opciones veganas, Opciones sin gluten"
Tamarine Asian Cuisine,Full experiencia,Fecha de la visita: agosto de 2018,50,"Servicio muy bueno, comida y personal excelente, toda una experiencia. Celebrando aniversario con un gran detalle. Sin duda para repetir.","Apto para vegetarianos, Opciones veganas, Opciones sin gluten"
